path,seconds_to_close,mid_price,up
1,300,0.595,0.0
1,298,0.56,0.0
1,296,0.575,0.0
1,294,0.565,0.0
1,292,0.44,0.0
1,290,0.475,0.0
1,288,0.46499999999999997,0.0
1,286,0.505,0.0
1,284,0.505,0.0
1,282,0.505,0.0
1,280,0.525,0.0
1,278,0.525,0.0
1,276,0.545,0.0
1,274,0.545,0.0
1,272,0.56,0.0
1,270,0.525,0.0
1,268,0.515,0.0
1,266,0.515,0.0
1,264,0.515,0.0
1,262,0.545,0.0
1,260,0.545,0.0
1,258,0.555,0.0
1,256,0.555,0.0
1,254,0.555,0.0
1,252,0.555,0.0
1,250,0.555,0.0
1,248,0.545,0.0
1,246,0.405,0.0
1,244,0.395,0.0
1,242,0.385,0.0
1,240,0.315,0.0
1,238,0.325,0.0
1,236,0.335,0.0
1,234,0.345,0.0
1,232,0.29000000000000004,0.0
1,230,0.305,0.0
1,228,0.305,0.0
1,226,0.28500000000000003,0.0
1,224,0.255,0.0
1,222,0.255,0.0
1,220,0.22,0.0
1,218,0.245,0.0
1,216,0.235,0.0
1,214,0.235,0.0
1,212,0.235,0.0
1,210,0.235,0.0
1,208,0.225,0.0
1,206,0.225,0.0
1,204,0.225,0.0
1,202,0.225,0.0
1,200,0.275,0.0
1,198,0.275,0.0
1,196,0.275,0.0
1,194,0.265,0.0
1,192,0.265,0.0
1,190,0.245,0.0
1,188,0.255,0.0
1,186,0.275,0.0
1,184,0.28500000000000003,0.0
1,182,0.335,0.0
1,180,0.325,0.0
1,178,0.245,0.0
1,176,0.245,0.0
1,174,0.29000000000000004,0.0
1,172,0.28500000000000003,0.0
1,170,0.315,0.0
1,168,0.28500000000000003,0.0
1,166,0.225,0.0
1,164,0.20500000000000002,0.0
1,162,0.165,0.0
1,160,0.185,0.0
1,158,0.165,0.0
1,156,0.175,0.0
1,154,0.155,0.0
1,152,0.135,0.0
1,150,0.165,0.0
1,148,0.14,0.0
1,146,0.14500000000000002,0.0
1,144,0.11499999999999999,0.0
1,142,0.11499999999999999,0.0
1,140,0.135,0.0
1,138,0.135,0.0
1,136,0.125,0.0
1,134,0.11499999999999999,0.0
1,132,0.135,0.0
1,130,0.135,0.0
1,128,0.135,0.0
1,126,0.135,0.0
1,124,0.14500000000000002,0.0
1,122,0.165,0.0
1,120,0.165,0.0
1,118,0.10500000000000001,0.0
1,116,0.095,0.0
1,114,0.10500000000000001,0.0
1,112,0.11499999999999999,0.0
1,110,0.11499999999999999,0.0
1,108,0.095,0.0
1,106,0.095,0.0
1,104,0.095,0.0
1,102,0.095,0.0
1,100,0.14500000000000002,0.0
1,98,0.14500000000000002,0.0
1,96,0.14500000000000002,0.0
1,94,0.135,0.0
1,92,0.065,0.0
1,90,0.055,0.0
1,88,0.055,0.0
1,86,0.055,0.0
1,84,0.055,0.0
1,82,0.05,0.0
1,80,0.055,0.0
1,78,0.055,0.0
1,76,0.045,0.0
1,74,0.045,0.0
1,72,0.055,0.0
1,70,0.045,0.0
1,68,0.045,0.0
1,66,0.045,0.0
1,64,0.055,0.0
1,62,0.045,0.0
1,60,0.045,0.0
1,58,0.035,0.0
1,56,0.035,0.0
1,54,0.035,0.0
1,52,0.025,0.0
1,50,0.025,0.0
1,48,0.025,0.0
1,46,0.025,0.0
1,44,0.025,0.0
1,42,0.015,0.0
1,40,0.015,0.0
1,38,0.015,0.0
1,36,0.015,0.0
1,34,0.005,0.0
1,32,0.005,0.0
1,30,0.005,0.0
1,28,0.005,0.0
1,26,0.005,0.0
1,24,0.005,0.0
1,22,0.005,0.0
1,20,0.005,0.0
1,18,0.005,0.0
1,16,0.005,0.0
1,14,0.005,0.0
1,12,0.005,0.0
1,10,0.005,0.0
1,8,0.005,0.0
1,6,0.005,0.0
1,4,0.005,0.0
1,2,0.005,0.0
2,298,0.495,0.0
2,296,0.555,0.0
2,294,0.565,0.0
2,292,0.495,0.0
2,290,0.375,0.0
2,288,0.35,0.0
2,286,0.29000000000000004,0.0
2,284,0.295,0.0
2,282,0.315,0.0
2,280,0.335,0.0
2,278,0.385,0.0
2,276,0.395,0.0
2,274,0.395,0.0
2,272,0.405,0.0
2,270,0.405,0.0
2,268,0.405,0.0
2,266,0.405,0.0
2,264,0.405,0.0
2,262,0.385,0.0
2,260,0.375,0.0
2,258,0.345,0.0
2,256,0.355,0.0
2,254,0.365,0.0
2,252,0.365,0.0
2,250,0.36,0.0
2,248,0.335,0.0
2,246,0.355,0.0
2,244,0.365,0.0
2,242,0.375,0.0
2,240,0.355,0.0
2,238,0.335,0.0
2,236,0.365,0.0
2,234,0.375,0.0
2,232,0.385,0.0
2,230,0.385,0.0
2,228,0.395,0.0
2,226,0.385,0.0
2,224,0.375,0.0
2,222,0.375,0.0
2,220,0.375,0.0
2,218,0.425,0.0
2,216,0.425,0.0
2,214,0.425,0.0
2,212,0.425,0.0
2,210,0.415,0.0
2,208,0.405,0.0
2,206,0.415,0.0
2,204,0.385,0.0
2,202,0.385,0.0
2,200,0.385,0.0
2,198,0.365,0.0
2,196,0.365,0.0
2,194,0.365,0.0
2,192,0.395,0.0
2,190,0.395,0.0
2,188,0.395,0.0
2,186,0.415,0.0
2,184,0.385,0.0
2,182,0.385,0.0
2,180,0.415,0.0
2,178,0.415,0.0
2,176,0.365,0.0
2,174,0.295,0.0
2,172,0.28500000000000003,0.0
2,170,0.28500000000000003,0.0
2,168,0.365,0.0
2,166,0.365,0.0
2,164,0.375,0.0
2,162,0.365,0.0
2,160,0.365,0.0
2,158,0.365,0.0
2,156,0.405,0.0
2,154,0.405,0.0
2,152,0.365,0.0
2,150,0.385,0.0
2,148,0.385,0.0
2,146,0.375,0.0
2,144,0.375,0.0
2,142,0.355,0.0
2,140,0.345,0.0
2,138,0.335,0.0
2,136,0.345,0.0
2,134,0.335,0.0
2,132,0.325,0.0
2,130,0.315,0.0
2,128,0.31,0.0
2,126,0.295,0.0
2,124,0.275,0.0
2,122,0.275,0.0
2,120,0.265,0.0
2,118,0.305,0.0
2,116,0.305,0.0
2,114,0.295,0.0
2,112,0.305,0.0
2,110,0.295,0.0
2,108,0.315,0.0
2,106,0.315,0.0
2,104,0.305,0.0
2,102,0.275,0.0
2,100,0.265,0.0
2,98,0.265,0.0
2,96,0.265,0.0
2,94,0.265,0.0
2,92,0.28500000000000003,0.0
2,90,0.265,0.0
2,88,0.295,0.0
2,86,0.295,0.0
2,84,0.28500000000000003,0.0
2,82,0.28500000000000003,0.0
2,80,0.28500000000000003,0.0
2,78,0.315,0.0
2,76,0.305,0.0
2,74,0.305,0.0
2,72,0.295,0.0
2,70,0.295,0.0
2,68,0.28500000000000003,0.0
2,66,0.265,0.0
2,64,0.265,0.0
2,62,0.215,0.0
2,60,0.215,0.0
2,58,0.225,0.0
2,56,0.07500000000000001,0.0
2,54,0.055,0.0
2,52,0.025,0.0
2,50,0.015,0.0
2,48,0.015,0.0
2,46,0.025,0.0
2,44,0.025,0.0
2,42,0.025,0.0
2,40,0.025,0.0
2,38,0.025,0.0
2,36,0.015,0.0
2,34,0.015,0.0
2,32,0.015,0.0
2,30,0.015,0.0
2,28,0.015,0.0
2,26,0.045,0.0
2,24,0.045,0.0
2,22,0.045,0.0
2,20,0.055,0.0
2,18,0.065,0.0
2,16,0.065,0.0
2,14,0.045,0.0
2,12,0.045,0.0
2,10,0.01,0.0
2,8,0.005,0.0
2,6,0.005,0.0
2,4,0.005,0.0
2,2,0.005,0.0
3,300,0.495,1.0
3,298,0.55,1.0
3,296,0.555,1.0
3,294,0.555,1.0
3,292,0.555,1.0
3,290,0.555,1.0
3,288,0.685,1.0
3,286,0.685,1.0
3,284,0.69,1.0
3,282,0.71,1.0
3,280,0.73,1.0
3,278,0.735,1.0
3,276,0.735,1.0
3,274,0.705,1.0
3,272,0.685,1.0
3,270,0.675,1.0
3,268,0.675,1.0
3,266,0.54,1.0
3,264,0.48,1.0
3,262,0.435,1.0
3,260,0.435,1.0
3,258,0.435,1.0
3,256,0.435,1.0
3,254,0.445,1.0
3,252,0.445,1.0
3,250,0.455,1.0
3,248,0.455,1.0
3,246,0.455,1.0
3,244,0.46499999999999997,1.0
3,242,0.475,1.0
3,240,0.475,1.0
3,238,0.46499999999999997,1.0
3,236,0.46499999999999997,1.0
3,234,0.46499999999999997,1.0
3,232,0.46499999999999997,1.0
3,230,0.565,1.0
3,228,0.605,1.0
3,226,0.605,1.0
3,224,0.685,1.0
3,222,0.685,1.0
3,220,0.685,1.0
3,218,0.685,1.0
3,216,0.685,1.0
3,214,0.715,1.0
3,212,0.725,1.0
3,210,0.725,1.0
3,208,0.725,1.0
3,206,0.795,1.0
3,204,0.795,1.0
3,202,0.795,1.0
3,200,0.825,1.0
3,198,0.845,1.0
3,196,0.845,1.0
3,194,0.845,1.0
3,192,0.855,1.0
3,190,0.855,1.0
3,188,0.865,1.0
3,186,0.865,1.0
3,184,0.865,1.0
3,182,0.875,1.0
3,180,0.875,1.0
3,178,0.865,1.0
3,176,0.875,1.0
3,174,0.865,1.0
3,172,0.865,1.0
3,170,0.885,1.0
3,168,0.905,1.0
3,166,0.905,1.0
3,164,0.915,1.0
3,162,0.915,1.0
3,160,0.905,1.0
3,158,0.9,1.0
3,156,0.805,1.0
3,154,0.775,1.0
3,152,0.775,1.0
3,150,0.775,1.0
3,148,0.775,1.0
3,146,0.785,1.0
3,144,0.785,1.0
3,142,0.785,1.0
3,140,0.795,1.0
3,138,0.795,1.0
3,136,0.8,1.0
3,134,0.805,1.0
3,132,0.815,1.0
3,130,0.815,1.0
3,128,0.815,1.0
3,126,0.815,1.0
3,124,0.815,1.0
3,122,0.815,1.0
3,120,0.815,1.0
3,118,0.825,1.0
3,116,0.825,1.0
3,114,0.825,1.0
3,112,0.84,1.0
3,110,0.855,1.0
3,108,0.865,1.0
3,106,0.865,1.0
3,104,0.885,1.0
3,102,0.885,1.0
3,100,0.885,1.0
3,98,0.895,1.0
3,96,0.895,1.0
3,94,0.905,1.0
3,92,0.905,1.0
3,90,0.905,1.0
3,88,0.915,1.0
3,86,0.925,1.0
3,84,0.925,1.0
3,82,0.925,1.0
3,80,0.925,1.0
3,78,0.925,1.0
3,76,0.935,1.0
3,74,0.935,1.0
3,72,0.935,1.0
3,70,0.935,1.0
3,68,0.925,1.0
3,66,0.935,1.0
3,64,0.975,1.0
3,62,0.985,1.0
3,60,0.975,1.0
3,58,0.985,1.0
3,56,0.985,1.0
3,54,0.995,1.0
3,52,0.995,1.0
3,50,0.995,1.0
3,48,0.995,1.0
3,46,0.995,1.0
3,44,0.995,1.0
3,42,0.995,1.0
3,40,0.995,1.0
3,38,0.995,1.0
3,36,0.995,1.0
3,34,0.995,1.0
3,32,0.995,1.0
3,30,0.995,1.0
3,28,0.995,1.0
3,26,0.995,1.0
3,24,0.995,1.0
3,22,0.995,1.0
3,20,0.995,1.0
3,18,0.995,1.0
3,16,0.995,1.0
3,14,0.995,1.0
3,12,0.995,1.0
3,10,0.995,1.0
3,8,0.995,1.0
3,6,0.995,1.0
3,4,0.995,1.0
3,2,0.995,1.0
4,298,0.495,0.0
4,296,0.585,0.0
4,294,0.695,0.0
4,292,0.695,0.0
4,290,0.695,0.0
4,288,0.665,0.0
4,286,0.665,0.0
4,284,0.665,0.0
4,282,0.665,0.0
4,280,0.665,0.0
4,278,0.675,0.0
4,276,0.685,0.0
4,274,0.685,0.0
4,272,0.685,0.0
4,270,0.615,0.0
4,268,0.615,0.0
4,266,0.615,0.0
4,264,0.615,0.0
4,262,0.625,0.0
4,260,0.625,0.0
4,258,0.675,0.0
4,256,0.705,0.0
4,254,0.705,0.0
4,252,0.715,0.0
4,250,0.735,0.0
4,248,0.735,0.0
4,246,0.735,0.0
4,244,0.735,0.0
4,242,0.735,0.0
4,240,0.745,0.0
4,238,0.755,0.0
4,236,0.755,0.0
4,234,0.76,0.0
4,232,0.765,0.0
4,230,0.765,0.0
4,228,0.765,0.0
4,226,0.765,0.0
4,224,0.755,0.0
4,222,0.755,0.0
4,220,0.765,0.0
4,218,0.765,0.0
4,216,0.765,0.0
4,214,0.755,0.0
4,212,0.755,0.0
4,210,0.745,0.0
4,208,0.745,0.0
4,206,0.745,0.0
4,204,0.745,0.0
4,202,0.745,0.0
4,200,0.595,0.0
4,198,0.545,0.0
4,196,0.445,0.0
4,194,0.405,0.0
4,192,0.405,0.0
4,190,0.415,0.0
4,188,0.415,0.0
4,186,0.425,0.0
4,184,0.425,0.0
4,182,0.425,0.0
4,180,0.425,0.0
4,178,0.435,0.0
4,176,0.435,0.0
4,174,0.455,0.0
4,172,0.46499999999999997,0.0
4,170,0.485,0.0
4,168,0.475,0.0
4,166,0.455,0.0
4,164,0.455,0.0
4,162,0.435,0.0
4,160,0.405,0.0
4,158,0.395,0.0
4,156,0.395,0.0
4,154,0.385,0.0
4,152,0.405,0.0
4,150,0.405,0.0
4,148,0.33499999999999996,0.0
4,146,0.265,0.0
4,144,0.275,0.0
4,142,0.255,0.0
4,140,0.255,0.0
4,138,0.235,0.0
4,136,0.215,0.0
4,134,0.255,0.0
4,132,0.255,0.0
4,130,0.255,0.0
4,128,0.305,0.0
4,126,0.345,0.0
4,124,0.335,0.0
4,122,0.335,0.0
4,120,0.325,0.0
4,118,0.33999999999999997,0.0
4,116,0.355,0.0
4,114,0.355,0.0
4,112,0.355,0.0
4,110,0.345,0.0
4,108,0.345,0.0
4,106,0.365,0.0
4,104,0.375,0.0
4,102,0.365,0.0
4,100,0.345,0.0
4,98,0.335,0.0
4,96,0.345,0.0
4,94,0.335,0.0
4,92,0.325,0.0
4,90,0.325,0.0
4,88,0.33,0.0
4,86,0.315,0.0
4,84,0.315,0.0
4,82,0.305,0.0
4,80,0.305,0.0
4,78,0.28500000000000003,0.0
4,76,0.275,0.0
4,74,0.265,0.0
4,72,0.265,0.0
4,70,0.265,0.0
4,68,0.265,0.0
4,66,0.275,0.0
4,64,0.28500000000000003,0.0
4,62,0.295,0.0
4,60,0.28500000000000003,0.0
4,58,0.265,0.0
4,56,0.275,0.0
4,54,0.28500000000000003,0.0
4,52,0.275,0.0
4,50,0.265,0.0
4,48,0.265,0.0
4,46,0.255,0.0
4,44,0.245,0.0
4,42,0.20500000000000002,0.0
4,40,0.20500000000000002,0.0
4,38,0.165,0.0
4,36,0.155,0.0
4,34,0.135,0.0
4,32,0.125,0.0
4,30,0.125,0.0
4,28,0.10500000000000001,0.0
4,26,0.08499999999999999,0.0
4,24,0.07,0.0
4,22,0.065,0.0
4,20,0.055,0.0
4,18,0.055,0.0
4,16,0.055,0.0
4,14,0.055,0.0
4,12,0.055,0.0
4,10,0.060000000000000005,0.0
4,8,0.065,0.0
4,6,0.055,0.0
4,4,0.05500000000000001,0.0
4,2,0.015,0.0
5,300,0.515,0.0
5,298,0.375,0.0
5,296,0.425,0.0
5,294,0.375,0.0
5,292,0.335,0.0
5,290,0.325,0.0
5,288,0.295,0.0
5,286,0.275,0.0
5,284,0.265,0.0
5,282,0.235,0.0
5,280,0.235,0.0
5,278,0.235,0.0
5,276,0.245,0.0
5,274,0.245,0.0
5,272,0.225,0.0
5,270,0.215,0.0
5,268,0.215,0.0
5,266,0.20500000000000002,0.0
5,264,0.20500000000000002,0.0
5,262,0.185,0.0
5,260,0.195,0.0
5,258,0.185,0.0
5,256,0.165,0.0
5,254,0.155,0.0
5,252,0.155,0.0
5,250,0.165,0.0
5,248,0.165,0.0
5,246,0.165,0.0
5,244,0.135,0.0
5,242,0.135,0.0
5,240,0.125,0.0
5,238,0.11499999999999999,0.0
5,236,0.095,0.0
5,234,0.08499999999999999,0.0
5,232,0.07500000000000001,0.0
5,230,0.065,0.0
5,228,0.065,0.0
5,226,0.065,0.0
5,224,0.07500000000000001,0.0
5,222,0.065,0.0
5,220,0.055,0.0
5,218,0.065,0.0
5,216,0.07500000000000001,0.0
5,214,0.065,0.0
5,212,0.055,0.0
5,210,0.065,0.0
5,208,0.065,0.0
5,206,0.055,0.0
5,204,0.055,0.0
5,202,0.055,0.0
5,200,0.045,0.0
5,198,0.045,0.0
5,196,0.045,0.0
5,194,0.045,0.0
5,192,0.045,0.0
5,190,0.045,0.0
5,188,0.035,0.0
5,186,0.055,0.0
5,184,0.065,0.0
5,182,0.055,0.0
5,180,0.035,0.0
5,178,0.045,0.0
5,176,0.045,0.0
5,174,0.045,0.0
5,172,0.055,0.0
5,170,0.055,0.0
5,168,0.055,0.0
5,166,0.055,0.0
5,164,0.065,0.0
5,162,0.055,0.0
5,160,0.055,0.0
5,158,0.035,0.0
5,156,0.045,0.0
5,154,0.045,0.0
5,152,0.045,0.0
5,150,0.035,0.0
5,148,0.045,0.0
5,146,0.045,0.0
5,144,0.045,0.0
5,142,0.025,0.0
5,140,0.025,0.0
5,138,0.025,0.0
5,136,0.025,0.0
5,134,0.025,0.0
5,132,0.025,0.0
5,130,0.035,0.0
5,128,0.045,0.0
5,126,0.045,0.0
5,124,0.045,0.0
5,122,0.045,0.0
5,120,0.055,0.0
5,118,0.035,0.0
5,116,0.045,0.0
5,114,0.045,0.0
5,112,0.045,0.0
5,110,0.035,0.0
5,108,0.035,0.0
5,106,0.025,0.0
5,104,0.025,0.0
5,102,0.025,0.0
5,100,0.025,0.0
5,98,0.045,0.0
5,96,0.045,0.0
5,94,0.045,0.0
5,92,0.045,0.0
5,90,0.045,0.0
5,88,0.035,0.0
5,86,0.035,0.0
5,84,0.035,0.0
5,82,0.035,0.0
5,80,0.035,0.0
5,78,0.035,0.0
5,76,0.03,0.0
5,74,0.025,0.0
5,72,0.025,0.0
5,70,0.025,0.0
5,68,0.045,0.0
5,66,0.07500000000000001,0.0
5,64,0.07500000000000001,0.0
5,62,0.08,0.0
5,60,0.095,0.0
5,58,0.045,0.0
5,56,0.07500000000000001,0.0
5,54,0.055,0.0
5,52,0.045,0.0
5,50,0.035,0.0
5,48,0.045,0.0
5,46,0.035,0.0
5,44,0.025,0.0
5,42,0.015,0.0
5,40,0.015,0.0
5,38,0.005,0.0
5,36,0.005,0.0
5,34,0.005,0.0
5,32,0.005,0.0
5,30,0.005,0.0
5,28,0.005,0.0
5,26,0.005,0.0
5,24,0.005,0.0
5,22,0.005,0.0
5,20,0.005,0.0
5,18,0.005,0.0
5,16,0.005,0.0
5,14,0.005,0.0
5,12,0.005,0.0
5,10,0.005,0.0
5,8,0.005,0.0
5,6,0.005,0.0
5,4,0.005,0.0
5,2,0.005,0.0
6,298,0.525,1.0
6,296,0.515,1.0
6,294,0.495,1.0
6,292,0.505,1.0
6,290,0.535,1.0
6,288,0.565,1.0
6,286,0.575,1.0
6,284,0.595,1.0
6,282,0.515,1.0
6,280,0.505,1.0
6,278,0.505,1.0
6,276,0.495,1.0
6,274,0.46499999999999997,1.0
6,272,0.515,1.0
6,270,0.515,1.0
6,268,0.515,1.0
6,266,0.555,1.0
6,264,0.585,1.0
6,262,0.575,1.0
6,260,0.575,1.0
6,258,0.575,1.0
6,256,0.565,1.0
6,254,0.54,1.0
6,252,0.515,1.0
6,250,0.535,1.0
6,248,0.545,1.0
6,246,0.545,1.0
6,244,0.545,1.0
6,242,0.545,1.0
6,240,0.545,1.0
6,238,0.555,1.0
6,236,0.595,1.0
6,234,0.605,1.0
6,232,0.595,1.0
6,230,0.605,1.0
6,228,0.605,1.0
6,226,0.605,1.0
6,224,0.605,1.0
6,222,0.595,1.0
6,220,0.605,1.0
6,218,0.615,1.0
6,216,0.595,1.0
6,214,0.585,1.0
6,212,0.605,1.0
6,210,0.605,1.0
6,208,0.595,1.0
6,206,0.595,1.0
6,204,0.595,1.0
6,202,0.595,1.0
6,200,0.615,1.0
6,198,0.61,1.0
6,196,0.605,1.0
6,194,0.595,1.0
6,192,0.605,1.0
6,190,0.605,1.0
6,188,0.645,1.0
6,186,0.645,1.0
6,184,0.665,1.0
6,182,0.665,1.0
6,180,0.665,1.0
6,178,0.615,1.0
6,176,0.545,1.0
6,174,0.525,1.0
6,172,0.485,1.0
6,170,0.46499999999999997,1.0
6,168,0.475,1.0
6,166,0.495,1.0
6,164,0.52,1.0
6,162,0.515,1.0
6,160,0.515,1.0
6,158,0.525,1.0
6,156,0.525,1.0
6,154,0.515,1.0
6,152,0.515,1.0
6,150,0.525,1.0
6,148,0.595,1.0
6,146,0.595,1.0
6,144,0.605,1.0
6,142,0.605,1.0
6,140,0.555,1.0
6,138,0.535,1.0
6,136,0.535,1.0
6,134,0.535,1.0
6,132,0.545,1.0
6,130,0.565,1.0
6,128,0.545,1.0
6,126,0.525,1.0
6,124,0.535,1.0
6,122,0.565,1.0
6,120,0.555,1.0
6,118,0.555,1.0
6,116,0.54,1.0
6,114,0.515,1.0
6,112,0.515,1.0
6,110,0.525,1.0
6,108,0.535,1.0
6,106,0.535,1.0
6,104,0.545,1.0
6,102,0.555,1.0
6,100,0.535,1.0
6,98,0.545,1.0
6,96,0.555,1.0
6,94,0.565,1.0
6,92,0.575,1.0
6,90,0.645,1.0
6,88,0.675,1.0
6,86,0.665,1.0
6,84,0.635,1.0
6,82,0.635,1.0
6,80,0.635,1.0
6,78,0.625,1.0
6,76,0.655,1.0
6,74,0.685,1.0
6,72,0.665,1.0
6,70,0.675,1.0
6,68,0.66,1.0
6,66,0.65,1.0
6,64,0.665,1.0
6,62,0.645,1.0
6,60,0.655,1.0
6,58,0.725,1.0
6,56,0.755,1.0
6,54,0.775,1.0
6,52,0.785,1.0
6,50,0.845,1.0
6,48,0.825,1.0
6,46,0.865,1.0
6,44,0.915,1.0
6,42,0.925,1.0
6,40,0.915,1.0
6,38,0.945,1.0
6,36,0.95,1.0
6,34,0.955,1.0
6,32,0.965,1.0
6,30,0.965,1.0
6,28,0.955,1.0
6,26,0.955,1.0
6,24,0.955,1.0
6,22,0.955,1.0
6,20,0.96,1.0
6,18,0.965,1.0
6,16,0.965,1.0
6,14,0.965,1.0
6,12,0.965,1.0
6,10,0.965,1.0
6,8,0.965,1.0
6,6,0.985,1.0
6,4,0.995,1.0
6,2,0.995,1.0
7,300,0.455,0.0
7,298,0.455,0.0
7,296,0.445,0.0
7,294,0.445,0.0
7,292,0.405,0.0
7,290,0.405,0.0
7,288,0.405,0.0
7,286,0.415,0.0
7,284,0.415,0.0
7,282,0.47,0.0
7,280,0.475,0.0
7,278,0.475,0.0
7,276,0.46499999999999997,0.0
7,274,0.455,0.0
7,272,0.445,0.0
7,270,0.445,0.0
7,268,0.445,0.0
7,266,0.445,0.0
7,264,0.445,0.0
7,262,0.405,0.0
7,260,0.405,0.0
7,258,0.405,0.0
7,256,0.415,0.0
7,254,0.415,0.0
7,252,0.415,0.0
7,250,0.415,0.0
7,248,0.445,0.0
7,246,0.455,0.0
7,244,0.445,0.0
7,242,0.435,0.0
7,240,0.435,0.0
7,238,0.435,0.0
7,236,0.435,0.0
7,234,0.435,0.0
7,232,0.435,0.0
7,230,0.435,0.0
7,228,0.485,0.0
7,226,0.485,0.0
7,224,0.485,0.0
7,222,0.485,0.0
7,220,0.46499999999999997,0.0
7,218,0.485,0.0
7,216,0.485,0.0
7,214,0.565,0.0
7,212,0.595,0.0
7,210,0.595,0.0
7,208,0.605,0.0
7,206,0.605,0.0
7,204,0.625,0.0
7,202,0.625,0.0
7,200,0.625,0.0
7,198,0.615,0.0
7,196,0.615,0.0
7,194,0.615,0.0
7,192,0.625,0.0
7,190,0.645,0.0
7,188,0.645,0.0
7,186,0.635,0.0
7,184,0.635,0.0
7,182,0.635,0.0
7,180,0.625,0.0
7,178,0.625,0.0
7,176,0.665,0.0
7,174,0.675,0.0
7,172,0.675,0.0
7,170,0.635,0.0
7,168,0.635,0.0
7,166,0.635,0.0
7,164,0.62,0.0
7,162,0.585,0.0
7,160,0.595,0.0
7,158,0.595,0.0
7,156,0.595,0.0
7,154,0.605,0.0
7,152,0.625,0.0
7,150,0.645,0.0
7,148,0.685,0.0
7,146,0.685,0.0
7,144,0.685,0.0
7,142,0.665,0.0
7,140,0.655,0.0
7,138,0.655,0.0
7,136,0.635,0.0
7,134,0.635,0.0
7,132,0.645,0.0
7,130,0.645,0.0
7,128,0.645,0.0
7,126,0.645,0.0
7,124,0.69,0.0
7,122,0.705,0.0
7,120,0.7,0.0
7,118,0.7,0.0
7,116,0.695,0.0
7,114,0.58,0.0
7,112,0.585,0.0
7,110,0.58,0.0
7,108,0.515,0.0
7,106,0.43,0.0
7,104,0.395,0.0
7,102,0.37,0.0
7,100,0.375,0.0
7,98,0.375,0.0
7,96,0.335,0.0
7,94,0.255,0.0
7,92,0.225,0.0
7,90,0.225,0.0
7,88,0.235,0.0
7,86,0.245,0.0
7,84,0.20500000000000002,0.0
7,82,0.235,0.0
7,80,0.235,0.0
7,78,0.215,0.0
7,76,0.175,0.0
7,74,0.165,0.0
7,72,0.14500000000000002,0.0
7,70,0.165,0.0
7,68,0.165,0.0
7,66,0.165,0.0
7,64,0.165,0.0
7,62,0.15000000000000002,0.0
7,60,0.135,0.0
7,58,0.075,0.0
7,56,0.045,0.0
7,54,0.045,0.0
7,52,0.04,0.0
7,50,0.035,0.0
7,48,0.025,0.0
7,46,0.025,0.0
7,44,0.025,0.0
7,42,0.025,0.0
7,40,0.035,0.0
7,38,0.015,0.0
7,36,0.015,0.0
7,34,0.015,0.0
7,32,0.015,0.0
7,30,0.015,0.0
7,28,0.015,0.0
7,26,0.015,0.0
7,24,0.015,0.0
7,22,0.015,0.0
7,20,0.015,0.0
7,18,0.005,0.0
7,16,0.005,0.0
7,14,0.005,0.0
7,12,0.005,0.0
7,10,0.005,0.0
7,8,0.005,0.0
7,6,0.005,0.0
7,4,0.005,0.0
7,2,0.005,0.0
8,300,0.525,0.0
8,298,0.525,0.0
8,296,0.505,0.0
8,294,0.495,0.0
8,292,0.505,0.0
8,290,0.495,0.0
8,288,0.475,0.0
8,286,0.475,0.0
8,284,0.555,0.0
8,282,0.695,0.0
8,280,0.7,0.0
8,278,0.665,0.0
8,276,0.675,0.0
8,274,0.665,0.0
8,272,0.645,0.0
8,270,0.575,0.0
8,268,0.575,0.0
8,266,0.585,0.0
8,264,0.585,0.0
8,262,0.605,0.0
8,260,0.625,0.0
8,258,0.625,0.0
8,256,0.615,0.0
8,254,0.605,0.0
8,252,0.585,0.0
8,250,0.575,0.0
8,248,0.565,0.0
8,246,0.565,0.0
8,244,0.535,0.0
8,242,0.525,0.0
8,240,0.515,0.0
8,238,0.495,0.0
8,236,0.445,0.0
8,234,0.435,0.0
8,232,0.41500000000000004,0.0
8,230,0.325,0.0
8,228,0.32,0.0
8,226,0.315,0.0
8,224,0.325,0.0
8,222,0.35,0.0
8,220,0.345,0.0
8,218,0.315,0.0
8,216,0.28500000000000003,0.0
8,214,0.27,0.0
8,212,0.275,0.0
8,210,0.265,0.0
8,208,0.265,0.0
8,206,0.265,0.0
8,204,0.08499999999999999,0.0
8,202,0.11,0.0
8,200,0.08499999999999999,0.0
8,198,0.07500000000000001,0.0
8,196,0.055,0.0
8,194,0.05,0.0
8,192,0.055,0.0
8,190,0.065,0.0
8,188,0.055,0.0
8,186,0.045,0.0
8,184,0.035,0.0
8,182,0.035,0.0
8,180,0.035,0.0
8,178,0.025,0.0
8,176,0.025,0.0
8,174,0.025,0.0
8,172,0.025,0.0
8,170,0.025,0.0
8,168,0.025,0.0
8,166,0.025,0.0
8,164,0.025,0.0
8,162,0.045,0.0
8,160,0.035,0.0
8,158,0.035,0.0
8,156,0.035,0.0
8,154,0.025,0.0
8,152,0.025,0.0
8,150,0.025,0.0
8,148,0.035,0.0
8,146,0.045,0.0
8,144,0.035,0.0
8,142,0.035,0.0
8,140,0.035,0.0
8,138,0.025,0.0
8,136,0.025,0.0
8,134,0.025,0.0
8,132,0.035,0.0
8,130,0.035,0.0
8,128,0.035,0.0
8,126,0.035,0.0
8,124,0.035,0.0
8,122,0.045,0.0
8,120,0.035,0.0
8,118,0.045,0.0
8,116,0.025,0.0
8,114,0.025,0.0
8,112,0.025,0.0
8,110,0.025,0.0
8,108,0.025,0.0
8,106,0.025,0.0
8,104,0.045,0.0
8,102,0.045,0.0
8,100,0.045,0.0
8,98,0.055,0.0
8,96,0.045,0.0
8,94,0.045,0.0
8,92,0.045,0.0
8,90,0.045,0.0
8,88,0.045,0.0
8,86,0.045,0.0
8,84,0.07500000000000001,0.0
8,82,0.07500000000000001,0.0
8,80,0.07500000000000001,0.0
8,78,0.065,0.0
8,76,0.035,0.0
8,74,0.035,0.0
8,72,0.045,0.0
8,70,0.035,0.0
8,68,0.035,0.0
8,66,0.025,0.0
8,64,0.035,0.0
8,62,0.025,0.0
8,60,0.045,0.0
8,58,0.045,0.0
8,56,0.045,0.0
8,54,0.045,0.0
8,52,0.045,0.0
8,50,0.035,0.0
8,48,0.055,0.0
8,46,0.025,0.0
8,44,0.025,0.0
8,42,0.025,0.0
8,40,0.025,0.0
8,38,0.025,0.0
8,36,0.025,0.0
8,34,0.025,0.0
8,32,0.025,0.0
8,30,0.015,0.0
8,28,0.015,0.0
8,26,0.015,0.0
8,24,0.015,0.0
8,22,0.005,0.0
8,20,0.005,0.0
8,18,0.005,0.0
8,16,0.005,0.0
8,14,0.005,0.0
8,12,0.005,0.0
8,10,0.005,0.0
8,8,0.005,0.0
8,6,0.005,0.0
8,4,0.005,0.0
8,2,0.005,0.0
9,298,0.535,1.0
9,296,0.605,1.0
9,294,0.585,1.0
9,292,0.545,1.0
9,290,0.515,1.0
9,288,0.545,1.0
9,286,0.575,1.0
9,284,0.605,1.0
9,282,0.625,1.0
9,280,0.615,1.0
9,278,0.535,1.0
9,276,0.565,1.0
9,274,0.565,1.0
9,272,0.585,1.0
9,270,0.615,1.0
9,268,0.625,1.0
9,266,0.635,1.0
9,264,0.575,1.0
9,262,0.66,1.0
9,260,0.725,1.0
9,258,0.725,1.0
9,256,0.725,1.0
9,254,0.745,1.0
9,252,0.705,1.0
9,250,0.695,1.0
9,248,0.695,1.0
9,246,0.685,1.0
9,244,0.625,1.0
9,242,0.615,1.0
9,240,0.615,1.0
9,238,0.635,1.0
9,236,0.685,1.0
9,234,0.695,1.0
9,232,0.685,1.0
9,230,0.685,1.0
9,228,0.745,1.0
9,226,0.775,1.0
9,224,0.765,1.0
9,222,0.815,1.0
9,220,0.815,1.0
9,218,0.815,1.0
9,216,0.805,1.0
9,214,0.835,1.0
9,212,0.785,1.0
9,210,0.775,1.0
9,208,0.755,1.0
9,206,0.705,1.0
9,204,0.775,1.0
9,202,0.785,1.0
9,200,0.755,1.0
9,198,0.755,1.0
9,196,0.745,1.0
9,194,0.775,1.0
9,192,0.725,1.0
9,190,0.765,1.0
9,188,0.775,1.0
9,186,0.775,1.0
9,184,0.745,1.0
9,182,0.875,1.0
9,180,0.875,1.0
9,178,0.905,1.0
9,176,0.895,1.0
9,174,0.875,1.0
9,172,0.885,1.0
9,170,0.865,1.0
9,168,0.865,1.0
9,166,0.885,1.0
9,164,0.875,1.0
9,162,0.885,1.0
9,160,0.855,1.0
9,158,0.905,1.0
9,156,0.915,1.0
9,154,0.915,1.0
9,152,0.885,1.0
9,150,0.875,1.0
9,148,0.885,1.0
9,146,0.895,1.0
9,144,0.865,1.0
9,142,0.875,1.0
9,140,0.875,1.0
9,138,0.875,1.0
9,136,0.885,1.0
9,134,0.895,1.0
9,132,0.865,1.0
9,130,0.885,1.0
9,128,0.885,1.0
9,126,0.905,1.0
9,124,0.905,1.0
9,122,0.905,1.0
9,120,0.885,1.0
9,118,0.855,1.0
9,116,0.715,1.0
9,114,0.775,1.0
9,112,0.795,1.0
9,110,0.885,1.0
9,108,0.925,1.0
9,106,0.935,1.0
9,104,0.935,1.0
9,102,0.945,1.0
9,100,0.935,1.0
9,98,0.955,1.0
9,96,0.935,1.0
9,94,0.895,1.0
9,92,0.87,1.0
9,90,0.41000000000000003,1.0
9,88,0.29500000000000004,1.0
9,86,0.485,1.0
9,84,0.495,1.0
9,82,0.355,1.0
9,80,0.385,1.0
9,78,0.365,1.0
9,76,0.445,1.0
9,74,0.605,1.0
9,72,0.685,1.0
9,70,0.715,1.0
9,68,0.6799999999999999,1.0
9,66,0.47,1.0
9,64,0.425,1.0
9,62,0.425,1.0
9,60,0.46499999999999997,1.0
9,58,0.515,1.0
9,56,0.525,1.0
9,54,0.535,1.0
9,52,0.55,1.0
9,50,0.565,1.0
9,48,0.655,1.0
9,46,0.74,1.0
9,44,0.635,1.0
9,42,0.685,1.0
9,40,0.745,1.0
9,38,0.795,1.0
9,36,0.815,1.0
9,34,0.835,1.0
9,32,0.885,1.0
9,30,0.95,1.0
9,28,0.975,1.0
9,26,0.975,1.0
9,24,0.985,1.0
9,22,0.985,1.0
9,20,0.985,1.0
9,18,0.985,1.0
9,16,0.995,1.0
9,14,0.995,1.0
9,12,0.995,1.0
9,10,0.995,1.0
9,8,0.995,1.0
9,6,0.995,1.0
9,4,0.995,1.0
9,2,0.995,1.0
10,300,0.565,0.0
10,298,0.565,0.0
10,296,0.565,0.0
10,294,0.565,0.0
10,292,0.565,0.0
10,290,0.565,0.0
10,288,0.59,0.0
10,286,0.595,0.0
10,284,0.595,0.0
10,282,0.55,0.0
10,280,0.555,0.0
10,278,0.555,0.0
10,276,0.555,0.0
10,274,0.545,0.0
10,272,0.545,0.0
10,270,0.545,0.0
10,268,0.54,0.0
10,266,0.525,0.0
10,264,0.545,0.0
10,262,0.545,0.0
10,260,0.5700000000000001,0.0
10,258,0.565,0.0
10,256,0.585,0.0
10,254,0.575,0.0
10,252,0.645,0.0
10,250,0.645,0.0
10,248,0.635,0.0
10,246,0.635,0.0
10,244,0.635,0.0
10,242,0.54,0.0
10,240,0.525,0.0
10,238,0.51,0.0
10,236,0.48,0.0
10,234,0.37,0.0
10,232,0.39,0.0
10,230,0.36,0.0
10,228,0.335,0.0
10,226,0.3,0.0
10,224,0.295,0.0
10,222,0.295,0.0
10,220,0.255,0.0
10,218,0.235,0.0
10,216,0.235,0.0
10,214,0.235,0.0
10,212,0.305,0.0
10,210,0.305,0.0
10,208,0.305,0.0
10,206,0.315,0.0
10,204,0.335,0.0
10,202,0.335,0.0
10,200,0.335,0.0
10,198,0.345,0.0
10,196,0.275,0.0
10,194,0.275,0.0
10,192,0.245,0.0
10,190,0.245,0.0
10,188,0.255,0.0
10,186,0.255,0.0
10,184,0.255,0.0
10,182,0.255,0.0
10,180,0.255,0.0
10,178,0.255,0.0
10,176,0.24,0.0
10,174,0.16999999999999998,0.0
10,172,0.165,0.0
10,170,0.155,0.0
10,168,0.14500000000000002,0.0
10,166,0.135,0.0
10,164,0.13,0.0
10,162,0.115,0.0
10,160,0.095,0.0
10,158,0.095,0.0
10,156,0.095,0.0
10,154,0.10500000000000001,0.0
10,152,0.08499999999999999,0.0
10,150,0.08499999999999999,0.0
10,148,0.08499999999999999,0.0
10,146,0.155,0.0
10,144,0.155,0.0
10,142,0.155,0.0
10,140,0.155,0.0
10,138,0.215,0.0
10,136,0.215,0.0
10,134,0.225,0.0
10,132,0.32499999999999996,0.0
10,130,0.315,0.0
10,128,0.315,0.0
10,126,0.315,0.0
10,124,0.335,0.0
10,122,0.335,0.0
10,120,0.33,0.0
10,118,0.325,0.0
10,116,0.245,0.0
10,114,0.215,0.0
10,112,0.20500000000000002,0.0
10,110,0.195,0.0
10,108,0.155,0.0
10,106,0.15000000000000002,0.0
10,104,0.14500000000000002,0.0
10,102,0.135,0.0
10,100,0.135,0.0
10,98,0.135,0.0
10,96,0.125,0.0
10,94,0.11499999999999999,0.0
10,92,0.11499999999999999,0.0
10,90,0.11499999999999999,0.0
10,88,0.10500000000000001,0.0
10,86,0.11499999999999999,0.0
10,84,0.11499999999999999,0.0
10,82,0.11499999999999999,0.0
10,80,0.10500000000000001,0.0
10,78,0.10500000000000001,0.0
10,76,0.07500000000000001,0.0
10,74,0.07,0.0
10,72,0.055,0.0
10,70,0.055,0.0
10,68,0.055,0.0
10,66,0.055,0.0
10,64,0.055,0.0
10,62,0.055,0.0
10,60,0.045,0.0
10,58,0.055,0.0
10,56,0.055,0.0
10,54,0.055,0.0
10,52,0.045,0.0
10,50,0.045,0.0
10,48,0.045,0.0
10,46,0.035,0.0
10,44,0.025,0.0
10,42,0.015,0.0
10,40,0.02,0.0
10,38,0.015,0.0
10,36,0.015,0.0
10,34,0.005,0.0
10,32,0.01,0.0
10,30,0.005,0.0
10,28,0.005,0.0
10,26,0.005,0.0
10,24,0.005,0.0
10,22,0.005,0.0
10,20,0.005,0.0
10,18,0.005,0.0
10,16,0.005,0.0
10,14,0.005,0.0
10,12,0.005,0.0
10,10,0.005,0.0
10,8,0.005,0.0
10,6,0.005,0.0
10,4,0.005,0.0
10,2,0.005,0.0
11,300,0.335,1.0
11,298,0.33999999999999997,1.0
11,296,0.355,1.0
11,294,0.35,1.0
11,292,0.355,1.0
11,290,0.365,1.0
11,288,0.365,1.0
11,286,0.365,1.0
11,284,0.37,1.0
11,282,0.385,1.0
11,280,0.385,1.0
11,278,0.385,1.0
11,276,0.39,1.0
11,274,0.38,1.0
11,272,0.365,1.0
11,270,0.335,1.0
11,268,0.345,1.0
11,266,0.345,1.0
11,264,0.35,1.0
11,262,0.365,1.0
11,260,0.355,1.0
11,258,0.355,1.0
11,256,0.355,1.0
11,254,0.39,1.0
11,252,0.395,1.0
11,250,0.395,1.0
11,248,0.4,1.0
11,246,0.405,1.0
11,244,0.375,1.0
11,242,0.375,1.0
11,240,0.375,1.0
11,238,0.375,1.0
11,236,0.375,1.0
11,234,0.375,1.0
11,232,0.375,1.0
11,230,0.375,1.0
11,228,0.385,1.0
11,226,0.385,1.0
11,224,0.385,1.0
11,222,0.395,1.0
11,220,0.395,1.0
11,218,0.395,1.0
11,216,0.39,1.0
11,214,0.375,1.0
11,212,0.375,1.0
11,210,0.375,1.0
11,208,0.375,1.0
11,206,0.375,1.0
11,204,0.375,1.0
11,202,0.365,1.0
11,200,0.365,1.0
11,198,0.365,1.0
11,196,0.365,1.0
11,194,0.365,1.0
11,192,0.315,1.0
11,190,0.20500000000000002,1.0
11,188,0.20500000000000002,1.0
11,186,0.20500000000000002,1.0
11,184,0.235,1.0
11,182,0.245,1.0
11,180,0.245,1.0
11,178,0.245,1.0
11,176,0.325,1.0
11,174,0.36,1.0
11,172,0.375,1.0
11,170,0.375,1.0
11,168,0.395,1.0
11,166,0.395,1.0
11,164,0.395,1.0
11,162,0.38,1.0
11,160,0.375,1.0
11,158,0.375,1.0
11,156,0.365,1.0
11,154,0.365,1.0
11,152,0.385,1.0
11,150,0.38,1.0
11,148,0.37,1.0
11,146,0.365,1.0
11,144,0.375,1.0
11,142,0.375,1.0
11,140,0.365,1.0
11,138,0.345,1.0
11,136,0.345,1.0
11,134,0.345,1.0
11,132,0.345,1.0
11,130,0.345,1.0
11,128,0.35,1.0
11,126,0.355,1.0
11,124,0.36,1.0
11,122,0.355,1.0
11,120,0.35,1.0
11,118,0.345,1.0
11,116,0.345,1.0
11,114,0.355,1.0
11,112,0.405,1.0
11,110,0.405,1.0
11,108,0.415,1.0
11,106,0.425,1.0
11,104,0.405,1.0
11,102,0.41000000000000003,1.0
11,100,0.415,1.0
11,98,0.385,1.0
11,96,0.435,1.0
11,94,0.435,1.0
11,92,0.435,1.0
11,90,0.395,1.0
11,88,0.395,1.0
11,86,0.39,1.0
11,84,0.405,1.0
11,82,0.405,1.0
11,80,0.425,1.0
11,78,0.425,1.0
11,76,0.405,1.0
11,74,0.435,1.0
11,72,0.415,1.0
11,70,0.415,1.0
11,68,0.395,1.0
11,66,0.395,1.0
11,64,0.385,1.0
11,62,0.385,1.0
11,60,0.375,1.0
11,58,0.385,1.0
11,56,0.39,1.0
11,54,0.395,1.0
11,52,0.395,1.0
11,50,0.415,1.0
11,48,0.415,1.0
11,46,0.415,1.0
11,44,0.385,1.0
11,42,0.375,1.0
11,40,0.425,1.0
11,38,0.46499999999999997,1.0
11,36,0.425,1.0
11,34,0.425,1.0
11,32,0.495,1.0
11,30,0.475,1.0
11,28,0.46499999999999997,1.0
11,26,0.46499999999999997,1.0
11,24,0.485,1.0
11,22,0.46499999999999997,1.0
11,20,0.435,1.0
11,18,0.46499999999999997,1.0
11,16,0.505,1.0
11,14,0.46499999999999997,1.0
11,12,0.505,1.0
11,10,0.885,1.0
11,8,0.885,1.0
11,6,0.9299999999999999,1.0
11,4,0.96,1.0
11,2,0.995,1.0
12,300,0.515,0.0
12,298,0.49,0.0
12,296,0.445,0.0
12,294,0.435,0.0
12,292,0.435,0.0
12,290,0.435,0.0
12,288,0.435,0.0
12,286,0.385,0.0
12,284,0.375,0.0
12,282,0.375,0.0
12,280,0.385,0.0
12,278,0.28500000000000003,0.0
12,276,0.28500000000000003,0.0
12,274,0.265,0.0
12,272,0.275,0.0
12,270,0.345,0.0
12,268,0.345,0.0
12,266,0.345,0.0
12,264,0.365,0.0
12,262,0.225,0.0
12,260,0.245,0.0
12,258,0.26,0.0
12,256,0.36,0.0
12,254,0.345,0.0
12,252,0.355,0.0
12,250,0.37,0.0
12,248,0.37,0.0
12,246,0.435,0.0
12,244,0.425,0.0
12,242,0.425,0.0
12,240,0.405,0.0
12,238,0.46499999999999997,0.0
12,236,0.46499999999999997,0.0
12,234,0.475,0.0
12,232,0.47,0.0
12,230,0.62,0.0
12,228,0.605,0.0
12,226,0.605,0.0
12,224,0.525,0.0
12,222,0.495,0.0
12,220,0.505,0.0
12,218,0.505,0.0
12,216,0.5449999999999999,0.0
12,214,0.585,0.0
12,212,0.595,0.0
12,210,0.595,0.0
12,208,0.595,0.0
12,206,0.625,0.0
12,204,0.595,0.0
12,202,0.585,0.0
12,200,0.585,0.0
12,198,0.645,0.0
12,196,0.585,0.0
12,194,0.605,0.0
12,192,0.62,0.0
12,190,0.71,0.0
12,188,0.735,0.0
12,186,0.735,0.0
12,184,0.73,0.0
12,182,0.605,0.0
12,180,0.545,0.0
12,178,0.545,0.0
12,176,0.44499999999999995,0.0
12,174,0.42000000000000004,0.0
12,172,0.335,0.0
12,170,0.325,0.0
12,168,0.325,0.0
12,166,0.255,0.0
12,164,0.295,0.0
12,162,0.28500000000000003,0.0
12,160,0.275,0.0
12,158,0.235,0.0
12,156,0.305,0.0
12,154,0.25,0.0
12,152,0.225,0.0
12,150,0.16999999999999998,0.0
12,148,0.165,0.0
12,146,0.185,0.0
12,144,0.14500000000000002,0.0
12,142,0.135,0.0
12,140,0.135,0.0
12,138,0.175,0.0
12,136,0.16999999999999998,0.0
12,134,0.19,0.0
12,132,0.11499999999999999,0.0
12,130,0.11499999999999999,0.0
12,128,0.11499999999999999,0.0
12,126,0.11499999999999999,0.0
12,124,0.13,0.0
12,122,0.135,0.0
12,120,0.135,0.0
12,118,0.135,0.0
12,116,0.135,0.0
12,114,0.175,0.0
12,112,0.14500000000000002,0.0
12,110,0.14500000000000002,0.0
12,108,0.14500000000000002,0.0
12,106,0.10500000000000001,0.0
12,104,0.10500000000000001,0.0
12,102,0.10500000000000001,0.0
12,100,0.095,0.0
12,98,0.095,0.0
12,96,0.095,0.0
12,94,0.055,0.0
12,92,0.075,0.0
12,90,0.055,0.0
12,88,0.045,0.0
12,86,0.045,0.0
12,84,0.045,0.0
12,82,0.035,0.0
12,80,0.045,0.0
12,78,0.055,0.0
12,76,0.045,0.0
12,74,0.035,0.0
12,72,0.035,0.0
12,70,0.025,0.0
12,68,0.025,0.0
12,66,0.025,0.0
12,64,0.025,0.0
12,62,0.025,0.0
12,60,0.025,0.0
12,58,0.025,0.0
12,56,0.015,0.0
12,54,0.015,0.0
12,52,0.015,0.0
12,50,0.025,0.0
12,48,0.025,0.0
12,46,0.025,0.0
12,44,0.015,0.0
12,42,0.015,0.0
12,40,0.025,0.0
12,38,0.025,0.0
12,36,0.025,0.0
12,34,0.015,0.0
12,32,0.02,0.0
12,30,0.015,0.0
12,28,0.015,0.0
12,26,0.025,0.0
12,24,0.025,0.0
12,22,0.025,0.0
12,20,0.025,0.0
12,18,0.07500000000000001,0.0
12,16,0.035,0.0
12,14,0.025,0.0
12,12,0.025,0.0
12,10,0.015,0.0
12,8,0.015,0.0
12,6,0.005,0.0
12,4,0.005,0.0
12,2,0.005,0.0
13,298,0.525,1.0
13,296,0.585,1.0
13,294,0.605,1.0
13,292,0.615,1.0
13,290,0.59,1.0
13,288,0.575,1.0
13,286,0.575,1.0
13,284,0.555,1.0
13,282,0.565,1.0
13,280,0.635,1.0
13,278,0.595,1.0
13,276,0.595,1.0
13,274,0.585,1.0
13,272,0.625,1.0
13,270,0.635,1.0
13,268,0.675,1.0
13,266,0.685,1.0
13,264,0.665,1.0
13,262,0.705,1.0
13,260,0.705,1.0
13,258,0.695,1.0
13,256,0.705,1.0
13,254,0.695,1.0
13,252,0.695,1.0
13,250,0.665,1.0
13,248,0.665,1.0
13,246,0.665,1.0
13,244,0.665,1.0
13,242,0.685,1.0
13,240,0.675,1.0
13,238,0.64,1.0
13,236,0.595,1.0
13,234,0.585,1.0
13,232,0.605,1.0
13,230,0.665,1.0
13,228,0.665,1.0
13,226,0.665,1.0
13,224,0.675,1.0
13,222,0.685,1.0
13,220,0.735,1.0
13,218,0.755,1.0
13,216,0.755,1.0
13,214,0.755,1.0
13,212,0.745,1.0
13,210,0.725,1.0
13,208,0.715,1.0
13,206,0.725,1.0
13,204,0.735,1.0
13,202,0.745,1.0
13,200,0.735,1.0
13,198,0.735,1.0
13,196,0.745,1.0
13,194,0.745,1.0
13,192,0.745,1.0
13,190,0.745,1.0
13,188,0.735,1.0
13,186,0.725,1.0
13,184,0.725,1.0
13,182,0.725,1.0
13,180,0.735,1.0
13,178,0.735,1.0
13,176,0.735,1.0
13,174,0.745,1.0
13,172,0.755,1.0
13,170,0.755,1.0
13,168,0.755,1.0
13,166,0.755,1.0
13,164,0.745,1.0
13,162,0.745,1.0
13,160,0.745,1.0
13,158,0.745,1.0
13,156,0.745,1.0
13,154,0.755,1.0
13,152,0.765,1.0
13,150,0.765,1.0
13,148,0.785,1.0
13,146,0.785,1.0
13,144,0.785,1.0
13,142,0.795,1.0
13,140,0.795,1.0
13,138,0.795,1.0
13,136,0.805,1.0
13,134,0.865,1.0
13,132,0.895,1.0
13,130,0.885,1.0
13,128,0.885,1.0
13,126,0.925,1.0
13,124,0.935,1.0
13,122,0.935,1.0
13,120,0.935,1.0
13,118,0.945,1.0
13,116,0.945,1.0
13,114,0.945,1.0
13,112,0.945,1.0
13,110,0.955,1.0
13,108,0.955,1.0
13,106,0.955,1.0
13,104,0.955,1.0
13,102,0.955,1.0
13,100,0.955,1.0
13,98,0.955,1.0
13,96,0.955,1.0
13,94,0.945,1.0
13,92,0.945,1.0
13,90,0.945,1.0
13,88,0.955,1.0
13,86,0.955,1.0
13,84,0.955,1.0
13,82,0.955,1.0
13,80,0.955,1.0
13,78,0.965,1.0
13,76,0.965,1.0
13,74,0.965,1.0
13,72,0.965,1.0
13,70,0.965,1.0
13,68,0.975,1.0
13,66,0.975,1.0
13,64,0.975,1.0
13,62,0.985,1.0
13,60,0.985,1.0
13,58,0.985,1.0
13,56,0.985,1.0
13,54,0.985,1.0
13,52,0.985,1.0
13,50,0.985,1.0
13,48,0.985,1.0
13,46,0.985,1.0
13,44,0.995,1.0
13,42,0.995,1.0
13,40,0.995,1.0
13,38,0.995,1.0
13,36,0.995,1.0
13,34,0.995,1.0
13,32,0.995,1.0
13,30,0.995,1.0
13,28,0.995,1.0
13,26,0.995,1.0
13,24,0.995,1.0
13,22,0.995,1.0
13,20,0.995,1.0
13,18,0.995,1.0
13,16,0.995,1.0
13,14,0.995,1.0
13,12,0.995,1.0
13,10,0.995,1.0
13,8,0.995,1.0
13,6,0.995,1.0
13,4,0.995,1.0
13,2,0.995,1.0
14,298,0.65,1.0
14,296,0.585,1.0
14,294,0.585,1.0
14,292,0.595,1.0
14,290,0.605,1.0
14,288,0.645,1.0
14,286,0.645,1.0
14,284,0.645,1.0
14,282,0.63,1.0
14,280,0.615,1.0
14,278,0.605,1.0
14,276,0.6,1.0
14,274,0.555,1.0
14,272,0.565,1.0
14,270,0.545,1.0
14,268,0.525,1.0
14,266,0.515,1.0
14,264,0.505,1.0
14,262,0.565,1.0
14,260,0.525,1.0
14,258,0.555,1.0
14,256,0.575,1.0
14,254,0.51,1.0
14,252,0.505,1.0
14,250,0.505,1.0
14,248,0.505,1.0
14,246,0.455,1.0
14,244,0.455,1.0
14,242,0.455,1.0
14,240,0.455,1.0
14,238,0.475,1.0
14,236,0.335,1.0
14,234,0.325,1.0
14,232,0.335,1.0
14,230,0.335,1.0
14,228,0.315,1.0
14,226,0.305,1.0
14,224,0.265,1.0
14,222,0.255,1.0
14,220,0.255,1.0
14,218,0.305,1.0
14,216,0.305,1.0
14,214,0.395,1.0
14,212,0.445,1.0
14,210,0.435,1.0
14,208,0.45999999999999996,1.0
14,206,0.495,1.0
14,204,0.495,1.0
14,202,0.495,1.0
14,200,0.535,1.0
14,198,0.575,1.0
14,196,0.645,1.0
14,194,0.645,1.0
14,192,0.685,1.0
14,190,0.685,1.0
14,188,0.745,1.0
14,186,0.745,1.0
14,184,0.755,1.0
14,182,0.775,1.0
14,180,0.785,1.0
14,178,0.835,1.0
14,176,0.855,1.0
14,174,0.875,1.0
14,172,0.885,1.0
14,170,0.855,1.0
14,168,0.855,1.0
14,166,0.895,1.0
14,164,0.905,1.0
14,162,0.905,1.0
14,160,0.875,1.0
14,158,0.905,1.0
14,156,0.895,1.0
14,154,0.895,1.0
14,152,0.905,1.0
14,150,0.915,1.0
14,148,0.915,1.0
14,146,0.905,1.0
14,144,0.905,1.0
14,142,0.925,1.0
14,140,0.935,1.0
14,138,0.935,1.0
14,136,0.945,1.0
14,134,0.945,1.0
14,132,0.945,1.0
14,130,0.945,1.0
14,128,0.945,1.0
14,126,0.945,1.0
14,124,0.945,1.0
14,122,0.955,1.0
14,120,0.955,1.0
14,118,0.965,1.0
14,116,0.965,1.0
14,114,0.965,1.0
14,112,0.955,1.0
14,110,0.955,1.0
14,108,0.955,1.0
14,106,0.975,1.0
14,104,0.975,1.0
14,102,0.975,1.0
14,100,0.975,1.0
14,98,0.985,1.0
14,96,0.985,1.0
14,94,0.985,1.0
14,92,0.985,1.0
14,90,0.995,1.0
14,88,0.995,1.0
14,86,0.985,1.0
14,84,0.995,1.0
14,82,0.995,1.0
14,80,0.995,1.0
14,78,0.995,1.0
14,76,0.995,1.0
14,74,0.995,1.0
14,72,0.995,1.0
14,70,0.995,1.0
14,68,0.995,1.0
14,66,0.995,1.0
14,64,0.995,1.0
14,62,0.995,1.0
14,60,0.995,1.0
14,58,0.995,1.0
14,56,0.995,1.0
14,54,0.995,1.0
14,52,0.995,1.0
14,50,0.995,1.0
14,48,0.995,1.0
14,46,0.995,1.0
14,44,0.995,1.0
14,42,0.995,1.0
14,40,0.995,1.0
14,38,0.995,1.0
14,36,0.995,1.0
14,34,0.995,1.0
14,32,0.995,1.0
14,30,0.995,1.0
14,28,0.995,1.0
14,26,0.995,1.0
14,24,0.995,1.0
14,22,0.995,1.0
14,20,0.995,1.0
14,18,0.995,1.0
14,16,0.995,1.0
14,14,0.995,1.0
14,12,0.995,1.0
14,10,0.995,1.0
14,8,0.995,1.0
14,6,0.995,1.0
14,4,0.995,1.0
14,2,0.995,1.0
15,300,0.525,0.0
15,298,0.645,0.0
15,296,0.645,0.0
15,294,0.625,0.0
15,292,0.615,0.0
15,290,0.615,0.0
15,288,0.625,0.0
15,286,0.625,0.0
15,284,0.625,0.0
15,282,0.625,0.0
15,280,0.615,0.0
15,278,0.675,0.0
15,276,0.635,0.0
15,274,0.625,0.0
15,272,0.625,0.0
15,270,0.595,0.0
15,268,0.585,0.0
15,266,0.585,0.0
15,264,0.575,0.0
15,262,0.635,0.0
15,260,0.635,0.0
15,258,0.625,0.0
15,256,0.625,0.0
15,254,0.625,0.0
15,252,0.625,0.0
15,250,0.615,0.0
15,248,0.705,0.0
15,246,0.695,0.0
15,244,0.685,0.0
15,242,0.695,0.0
15,240,0.695,0.0
15,238,0.685,0.0
15,236,0.685,0.0
15,234,0.685,0.0
15,232,0.675,0.0
15,230,0.655,0.0
15,228,0.655,0.0
15,226,0.62,0.0
15,224,0.545,0.0
15,222,0.485,0.0
15,220,0.485,0.0
15,218,0.435,0.0
15,216,0.435,0.0
15,214,0.425,0.0
15,212,0.395,0.0
15,210,0.385,0.0
15,208,0.375,0.0
15,206,0.365,0.0
15,204,0.355,0.0
15,202,0.345,0.0
15,200,0.345,0.0
15,198,0.355,0.0
15,196,0.355,0.0
15,194,0.335,0.0
15,192,0.28500000000000003,0.0
15,190,0.275,0.0
15,188,0.275,0.0
15,186,0.275,0.0
15,184,0.265,0.0
15,182,0.265,0.0
15,180,0.245,0.0
15,178,0.235,0.0
15,176,0.215,0.0
15,174,0.215,0.0
15,172,0.245,0.0
15,170,0.255,0.0
15,168,0.265,0.0
15,166,0.295,0.0
15,164,0.245,0.0
15,162,0.235,0.0
15,160,0.235,0.0
15,158,0.215,0.0
15,156,0.19,0.0
15,154,0.27,0.0
15,152,0.305,0.0
15,150,0.375,0.0
15,148,0.375,0.0
15,146,0.505,0.0
15,144,0.535,0.0
15,142,0.535,0.0
15,140,0.525,0.0
15,138,0.525,0.0
15,136,0.495,0.0
15,134,0.495,0.0
15,132,0.485,0.0
15,130,0.475,0.0
15,128,0.475,0.0
15,126,0.485,0.0
15,124,0.485,0.0
15,122,0.485,0.0
15,120,0.485,0.0
15,118,0.45,0.0
15,116,0.345,0.0
15,114,0.305,0.0
15,112,0.315,0.0
15,110,0.325,0.0
15,108,0.365,0.0
15,106,0.335,0.0
15,104,0.315,0.0
15,102,0.315,0.0
15,100,0.305,0.0
15,98,0.265,0.0
15,96,0.265,0.0
15,94,0.255,0.0
15,92,0.255,0.0
15,90,0.255,0.0
15,88,0.255,0.0
15,86,0.245,0.0
15,84,0.235,0.0
15,82,0.235,0.0
15,80,0.235,0.0
15,78,0.255,0.0
15,76,0.225,0.0
15,74,0.215,0.0
15,72,0.215,0.0
15,70,0.20500000000000002,0.0
15,68,0.185,0.0
15,66,0.175,0.0
15,64,0.155,0.0
15,62,0.125,0.0
15,60,0.125,0.0
15,58,0.08499999999999999,0.0
15,56,0.175,0.0
15,54,0.165,0.0
15,52,0.14500000000000002,0.0
15,50,0.20500000000000002,0.0
15,48,0.235,0.0
15,46,0.235,0.0
15,44,0.235,0.0
15,42,0.225,0.0
15,40,0.195,0.0
15,38,0.185,0.0
15,36,0.185,0.0
15,34,0.245,0.0
15,32,0.235,0.0
15,30,0.175,0.0
15,28,0.165,0.0
15,26,0.125,0.0
15,24,0.125,0.0
15,22,0.125,0.0
15,20,0.125,0.0
15,18,0.11499999999999999,0.0
15,16,0.11499999999999999,0.0
15,14,0.10500000000000001,0.0
15,12,0.10500000000000001,0.0
15,10,0.07500000000000001,0.0
15,8,0.055,0.0
15,6,0.045,0.0
15,4,0.035,0.0
15,2,0.015,0.0
16,300,0.485,0.0
16,298,0.485,0.0
16,296,0.485,0.0
16,294,0.475,0.0
16,292,0.445,0.0
16,290,0.445,0.0
16,288,0.455,0.0
16,286,0.455,0.0
16,284,0.455,0.0
16,282,0.455,0.0
16,280,0.42000000000000004,0.0
16,278,0.375,0.0
16,276,0.32,0.0
16,274,0.28500000000000003,0.0
16,272,0.25,0.0
16,270,0.265,0.0
16,268,0.255,0.0
16,266,0.255,0.0
16,264,0.245,0.0
16,262,0.215,0.0
16,260,0.215,0.0
16,258,0.20500000000000002,0.0
16,256,0.20500000000000002,0.0
16,254,0.20500000000000002,0.0
16,252,0.20500000000000002,0.0
16,250,0.20500000000000002,0.0
16,248,0.20500000000000002,0.0
16,246,0.185,0.0
16,244,0.195,0.0
16,242,0.185,0.0
16,240,0.155,0.0
16,238,0.155,0.0
16,236,0.175,0.0
16,234,0.185,0.0
16,232,0.195,0.0
16,230,0.185,0.0
16,228,0.165,0.0
16,226,0.165,0.0
16,224,0.175,0.0
16,222,0.20500000000000002,0.0
16,220,0.20500000000000002,0.0
16,218,0.215,0.0
16,216,0.215,0.0
16,214,0.225,0.0
16,212,0.225,0.0
16,210,0.225,0.0
16,208,0.225,0.0
16,206,0.295,0.0
16,204,0.295,0.0
16,202,0.295,0.0
16,200,0.28500000000000003,0.0
16,198,0.295,0.0
16,196,0.295,0.0
16,194,0.275,0.0
16,192,0.275,0.0
16,190,0.255,0.0
16,188,0.245,0.0
16,186,0.245,0.0
16,184,0.235,0.0
16,182,0.235,0.0
16,180,0.225,0.0
16,178,0.165,0.0
16,176,0.185,0.0
16,174,0.19,0.0
16,172,0.195,0.0
16,170,0.195,0.0
16,168,0.155,0.0
16,166,0.155,0.0
16,164,0.155,0.0
16,162,0.155,0.0
16,160,0.18,0.0
16,158,0.215,0.0
16,156,0.215,0.0
16,154,0.215,0.0
16,152,0.20500000000000002,0.0
16,150,0.165,0.0
16,148,0.165,0.0
16,146,0.155,0.0
16,144,0.125,0.0
16,142,0.10500000000000001,0.0
16,140,0.10500000000000001,0.0
16,138,0.14500000000000002,0.0
16,136,0.14500000000000002,0.0
16,134,0.14500000000000002,0.0
16,132,0.11499999999999999,0.0
16,130,0.11499999999999999,0.0
16,128,0.11499999999999999,0.0
16,126,0.11499999999999999,0.0
16,124,0.11499999999999999,0.0
16,122,0.125,0.0
16,120,0.125,0.0
16,118,0.12,0.0
16,116,0.135,0.0
16,114,0.135,0.0
16,112,0.135,0.0
16,110,0.135,0.0
16,108,0.135,0.0
16,106,0.135,0.0
16,104,0.125,0.0
16,102,0.125,0.0
16,100,0.125,0.0
16,98,0.125,0.0
16,96,0.125,0.0
16,94,0.11499999999999999,0.0
16,92,0.11499999999999999,0.0
16,90,0.11499999999999999,0.0
16,88,0.125,0.0
16,86,0.11499999999999999,0.0
16,84,0.11499999999999999,0.0
16,82,0.10500000000000001,0.0
16,80,0.10500000000000001,0.0
16,78,0.11499999999999999,0.0
16,76,0.11499999999999999,0.0
16,74,0.11499999999999999,0.0
16,72,0.11499999999999999,0.0
16,70,0.235,0.0
16,68,0.255,0.0
16,66,0.185,0.0
16,64,0.165,0.0
16,62,0.10500000000000001,0.0
16,60,0.10500000000000001,0.0
16,58,0.095,0.0
16,56,0.07500000000000001,0.0
16,54,0.07500000000000001,0.0
16,52,0.07500000000000001,0.0
16,50,0.065,0.0
16,48,0.065,0.0
16,46,0.055,0.0
16,44,0.045,0.0
16,42,0.045,0.0
16,40,0.055,0.0
16,38,0.045,0.0
16,36,0.045,0.0
16,34,0.035,0.0
16,32,0.065,0.0
16,30,0.065,0.0
16,28,0.11499999999999999,0.0
16,26,0.10500000000000001,0.0
16,24,0.095,0.0
16,22,0.055,0.0
16,20,0.025,0.0
16,18,0.015,0.0
16,16,0.015,0.0
16,14,0.015,0.0
16,12,0.015,0.0
16,10,0.005,0.0
16,8,0.005,0.0
16,6,0.005,0.0
16,4,0.005,0.0
16,2,0.005,0.0
17,300,0.515,1.0
17,298,0.505,1.0
17,296,0.515,1.0
17,294,0.505,1.0
17,292,0.515,1.0
17,290,0.515,1.0
17,288,0.515,1.0
17,286,0.515,1.0
17,284,0.51,1.0
17,282,0.505,1.0
17,280,0.505,1.0
17,278,0.505,1.0
17,276,0.505,1.0
17,274,0.475,1.0
17,272,0.445,1.0
17,270,0.445,1.0
17,268,0.455,1.0
17,266,0.445,1.0
17,264,0.445,1.0
17,262,0.445,1.0
17,260,0.445,1.0
17,258,0.405,1.0
17,256,0.395,1.0
17,254,0.395,1.0
17,252,0.395,1.0
17,250,0.395,1.0
17,248,0.28500000000000003,1.0
17,246,0.265,1.0
17,244,0.255,1.0
17,242,0.245,1.0
17,240,0.235,1.0
17,238,0.235,1.0
17,236,0.235,1.0
17,234,0.235,1.0
17,232,0.265,1.0
17,230,0.255,1.0
17,228,0.26,1.0
17,226,0.345,1.0
17,224,0.325,1.0
17,222,0.325,1.0
17,220,0.295,1.0
17,218,0.28500000000000003,1.0
17,216,0.275,1.0
17,214,0.265,1.0
17,212,0.26,1.0
17,210,0.225,1.0
17,208,0.215,1.0
17,206,0.20500000000000002,1.0
17,204,0.20500000000000002,1.0
17,202,0.215,1.0
17,200,0.245,1.0
17,198,0.255,1.0
17,196,0.255,1.0
17,194,0.255,1.0
17,192,0.245,1.0
17,190,0.235,1.0
17,188,0.235,1.0
17,186,0.21000000000000002,1.0
17,184,0.195,1.0
17,182,0.195,1.0
17,180,0.195,1.0
17,178,0.185,1.0
17,176,0.185,1.0
17,174,0.185,1.0
17,172,0.185,1.0
17,170,0.16,1.0
17,168,0.135,1.0
17,166,0.135,1.0
17,164,0.125,1.0
17,162,0.125,1.0
17,160,0.07500000000000001,1.0
17,158,0.060000000000000005,1.0
17,156,0.055,1.0
17,154,0.085,1.0
17,152,0.165,1.0
17,150,0.11499999999999999,1.0
17,148,0.11499999999999999,1.0
17,146,0.10500000000000001,1.0
17,144,0.095,1.0
17,142,0.095,1.0
17,140,0.095,1.0
17,138,0.095,1.0
17,136,0.10500000000000001,1.0
17,134,0.095,1.0
17,132,0.095,1.0
17,130,0.08499999999999999,1.0
17,128,0.07500000000000001,1.0
17,126,0.07500000000000001,1.0
17,124,0.07500000000000001,1.0
17,122,0.07500000000000001,1.0
17,120,0.07500000000000001,1.0
17,118,0.065,1.0
17,116,0.065,1.0
17,114,0.065,1.0
17,112,0.065,1.0
17,110,0.07500000000000001,1.0
17,108,0.07500000000000001,1.0
17,106,0.07500000000000001,1.0
17,104,0.095,1.0
17,102,0.08499999999999999,1.0
17,100,0.09,1.0
17,98,0.14500000000000002,1.0
17,96,0.265,1.0
17,94,0.28500000000000003,1.0
17,92,0.275,1.0
17,90,0.275,1.0
17,88,0.255,1.0
17,86,0.28500000000000003,1.0
17,84,0.295,1.0
17,82,0.255,1.0
17,80,0.295,1.0
17,78,0.28500000000000003,1.0
17,76,0.295,1.0
17,74,0.405,1.0
17,72,0.445,1.0
17,70,0.475,1.0
17,68,0.485,1.0
17,66,0.495,1.0
17,64,0.505,1.0
17,62,0.825,1.0
17,60,0.83,1.0
17,58,0.835,1.0
17,56,0.795,1.0
17,54,0.79,1.0
17,52,0.805,1.0
17,50,0.825,1.0
17,48,0.825,1.0
17,46,0.84,1.0
17,44,0.745,1.0
17,42,0.745,1.0
17,40,0.785,1.0
17,38,0.835,1.0
17,36,0.855,1.0
17,34,0.875,1.0
17,32,0.86,1.0
17,30,0.885,1.0
17,28,0.885,1.0
17,26,0.865,1.0
17,24,0.945,1.0
17,22,0.975,1.0
17,20,0.975,1.0
17,18,0.975,1.0
17,16,0.985,1.0
17,14,0.985,1.0
17,12,0.985,1.0
17,10,0.985,1.0
17,8,0.995,1.0
17,6,0.995,1.0
17,4,0.995,1.0
17,2,0.995,1.0
18,298,0.535,1.0
18,296,0.485,1.0
18,294,0.485,1.0
18,292,0.485,1.0
18,290,0.485,1.0
18,288,0.485,1.0
18,286,0.485,1.0
18,284,0.485,1.0
18,282,0.495,1.0
18,280,0.485,1.0
18,278,0.485,1.0
18,276,0.485,1.0
18,274,0.46499999999999997,1.0
18,272,0.455,1.0
18,270,0.455,1.0
18,268,0.475,1.0
18,266,0.475,1.0
18,264,0.485,1.0
18,262,0.485,1.0
18,260,0.495,1.0
18,258,0.475,1.0
18,256,0.475,1.0
18,254,0.475,1.0
18,252,0.475,1.0
18,250,0.475,1.0
18,248,0.475,1.0
18,246,0.475,1.0
18,244,0.475,1.0
18,242,0.475,1.0
18,240,0.475,1.0
18,238,0.46499999999999997,1.0
18,236,0.375,1.0
18,234,0.375,1.0
18,232,0.435,1.0
18,230,0.435,1.0
18,228,0.445,1.0
18,226,0.445,1.0
18,224,0.445,1.0
18,222,0.46499999999999997,1.0
18,220,0.435,1.0
18,218,0.455,1.0
18,216,0.46499999999999997,1.0
18,214,0.46499999999999997,1.0
18,212,0.495,1.0
18,210,0.495,1.0
18,208,0.485,1.0
18,206,0.485,1.0
18,204,0.485,1.0
18,202,0.495,1.0
18,200,0.505,1.0
18,198,0.505,1.0
18,196,0.505,1.0
18,194,0.505,1.0
18,192,0.625,1.0
18,190,0.735,1.0
18,188,0.755,1.0
18,186,0.755,1.0
18,184,0.755,1.0
18,182,0.745,1.0
18,180,0.735,1.0
18,178,0.735,1.0
18,176,0.755,1.0
18,174,0.775,1.0
18,172,0.775,1.0
18,170,0.775,1.0
18,168,0.775,1.0
18,166,0.84,1.0
18,164,0.855,1.0
18,162,0.875,1.0
18,160,0.875,1.0
18,158,0.885,1.0
18,156,0.915,1.0
18,154,0.915,1.0
18,152,0.925,1.0
18,150,0.925,1.0
18,148,0.925,1.0
18,146,0.915,1.0
18,144,0.915,1.0
18,142,0.915,1.0
18,140,0.915,1.0
18,138,0.915,1.0
18,136,0.905,1.0
18,134,0.905,1.0
18,132,0.915,1.0
18,130,0.915,1.0
18,128,0.91,1.0
18,126,0.915,1.0
18,124,0.915,1.0
18,122,0.905,1.0
18,120,0.905,1.0
18,118,0.915,1.0
18,116,0.905,1.0
18,114,0.91,1.0
18,112,0.915,1.0
18,110,0.905,1.0
18,108,0.91,1.0
18,106,0.905,1.0
18,104,0.915,1.0
18,102,0.9299999999999999,1.0
18,100,0.915,1.0
18,98,0.905,1.0
18,96,0.895,1.0
18,94,0.915,1.0
18,92,0.925,1.0
18,90,0.915,1.0
18,88,0.935,1.0
18,86,0.945,1.0
18,84,0.955,1.0
18,82,0.965,1.0
18,80,0.955,1.0
18,78,0.955,1.0
18,76,0.945,1.0
18,74,0.945,1.0
18,72,0.945,1.0
18,70,0.945,1.0
18,68,0.945,1.0
18,66,0.945,1.0
18,64,0.945,1.0
18,62,0.935,1.0
18,60,0.945,1.0
18,58,0.935,1.0
18,56,0.935,1.0
18,54,0.945,1.0
18,52,0.945,1.0
18,50,0.945,1.0
18,48,0.935,1.0
18,46,0.935,1.0
18,44,0.925,1.0
18,42,0.945,1.0
18,40,0.935,1.0
18,38,0.945,1.0
18,36,0.955,1.0
18,34,0.955,1.0
18,32,0.965,1.0
18,30,0.965,1.0
18,28,0.965,1.0
18,26,0.965,1.0
18,24,0.965,1.0
18,22,0.965,1.0
18,20,0.965,1.0
18,18,0.995,1.0
18,16,0.995,1.0
18,14,0.995,1.0
18,12,0.995,1.0
18,10,0.995,1.0
18,8,0.9955,1.0
18,6,0.985,1.0
18,4,0.995,1.0
18,2,0.995,1.0
19,298,0.46499999999999997,0.0
19,296,0.475,0.0
19,294,0.485,0.0
19,292,0.455,0.0
19,290,0.415,0.0
19,288,0.395,0.0
19,286,0.385,0.0
19,284,0.385,0.0
19,282,0.385,0.0
19,280,0.385,0.0
19,278,0.345,0.0
19,276,0.395,0.0
19,274,0.425,0.0
19,272,0.425,0.0
19,270,0.445,0.0
19,268,0.455,0.0
19,266,0.455,0.0
19,264,0.455,0.0
19,262,0.455,0.0
19,260,0.455,0.0
19,258,0.46499999999999997,0.0
19,256,0.46499999999999997,0.0
19,254,0.455,0.0
19,252,0.46499999999999997,0.0
19,250,0.445,0.0
19,248,0.445,0.0
19,246,0.475,0.0
19,244,0.495,0.0
19,242,0.515,0.0
19,240,0.525,0.0
19,238,0.525,0.0
19,236,0.515,0.0
19,234,0.515,0.0
19,232,0.515,0.0
19,230,0.515,0.0
19,228,0.555,0.0
19,226,0.535,0.0
19,224,0.535,0.0
19,222,0.565,0.0
19,220,0.575,0.0
19,218,0.515,0.0
19,216,0.5,0.0
19,214,0.46499999999999997,0.0
19,212,0.49,0.0
19,210,0.46499999999999997,0.0
19,208,0.46499999999999997,0.0
19,206,0.475,0.0
19,204,0.46499999999999997,0.0
19,202,0.46499999999999997,0.0
19,200,0.475,0.0
19,198,0.425,0.0
19,196,0.385,0.0
19,194,0.415,0.0
19,192,0.415,0.0
19,190,0.365,0.0
19,188,0.395,0.0
19,186,0.375,0.0
19,184,0.315,0.0
19,182,0.295,0.0
19,180,0.275,0.0
19,178,0.275,0.0
19,176,0.275,0.0
19,174,0.275,0.0
19,172,0.28500000000000003,0.0
19,170,0.265,0.0
19,168,0.215,0.0
19,166,0.165,0.0
19,164,0.20500000000000002,0.0
19,162,0.215,0.0
19,160,0.22,0.0
19,158,0.265,0.0
19,156,0.265,0.0
19,154,0.265,0.0
19,152,0.255,0.0
19,150,0.215,0.0
19,148,0.245,0.0
19,146,0.265,0.0
19,144,0.235,0.0
19,142,0.245,0.0
19,140,0.245,0.0
19,138,0.235,0.0
19,136,0.20500000000000002,0.0
19,134,0.195,0.0
19,132,0.195,0.0
19,130,0.195,0.0
19,128,0.195,0.0
19,126,0.20500000000000002,0.0
19,124,0.195,0.0
19,122,0.165,0.0
19,120,0.185,0.0
19,118,0.155,0.0
19,116,0.155,0.0
19,114,0.195,0.0
19,112,0.225,0.0
19,110,0.195,0.0
19,108,0.185,0.0
19,106,0.185,0.0
19,104,0.175,0.0
19,102,0.185,0.0
19,100,0.175,0.0
19,98,0.185,0.0
19,96,0.175,0.0
19,94,0.175,0.0
19,92,0.185,0.0
19,90,0.175,0.0
19,88,0.165,0.0
19,86,0.155,0.0
19,84,0.14500000000000002,0.0
19,82,0.135,0.0
19,80,0.10500000000000001,0.0
19,78,0.08499999999999999,0.0
19,76,0.07500000000000001,0.0
19,74,0.065,0.0
19,72,0.055,0.0
19,70,0.035,0.0
19,68,0.045,0.0
19,66,0.045,0.0
19,64,0.035,0.0
19,62,0.045,0.0
19,60,0.045,0.0
19,58,0.025,0.0
19,56,0.03,0.0
19,54,0.025,0.0
19,52,0.015,0.0
19,50,0.015,0.0
19,48,0.015,0.0
19,46,0.015,0.0
19,44,0.015,0.0
19,42,0.035,0.0
19,40,0.03,0.0
19,38,0.03,0.0
19,36,0.025,0.0
19,34,0.025,0.0
19,32,0.015,0.0
19,30,0.025,0.0
19,28,0.015,0.0
19,26,0.015,0.0
19,24,0.015,0.0
19,22,0.015,0.0
19,20,0.005,0.0
19,18,0.005,0.0
19,16,0.005,0.0
19,14,0.005,0.0
19,12,0.005,0.0
19,10,0.005,0.0
19,8,0.005,0.0
19,6,0.005,0.0
19,4,0.005,0.0
19,2,0.005,0.0
20,298,0.435,0.0
20,296,0.435,0.0
20,294,0.445,0.0
20,292,0.445,0.0
20,290,0.445,0.0
20,288,0.485,0.0
20,286,0.515,0.0
20,284,0.545,0.0
20,282,0.615,0.0
20,280,0.595,0.0
20,278,0.585,0.0
20,276,0.505,0.0
20,274,0.515,0.0
20,272,0.515,0.0
20,270,0.585,0.0
20,268,0.565,0.0
20,266,0.565,0.0
20,264,0.565,0.0
20,262,0.575,0.0
20,260,0.585,0.0
20,258,0.565,0.0
20,256,0.575,0.0
20,254,0.595,0.0
20,252,0.635,0.0
20,250,0.625,0.0
20,248,0.635,0.0
20,246,0.625,0.0
20,244,0.605,0.0
20,242,0.615,0.0
20,240,0.605,0.0
20,238,0.605,0.0
20,236,0.565,0.0
20,234,0.565,0.0
20,232,0.555,0.0
20,230,0.565,0.0
20,228,0.565,0.0
20,226,0.595,0.0
20,224,0.565,0.0
20,222,0.565,0.0
20,220,0.555,0.0
20,218,0.535,0.0
20,216,0.535,0.0
20,214,0.555,0.0
20,212,0.535,0.0
20,210,0.565,0.0
20,208,0.575,0.0
20,206,0.575,0.0
20,204,0.525,0.0
20,202,0.525,0.0
20,200,0.505,0.0
20,198,0.505,0.0
20,196,0.505,0.0
20,194,0.495,0.0
20,192,0.46499999999999997,0.0
20,190,0.46499999999999997,0.0
20,188,0.46499999999999997,0.0
20,186,0.425,0.0
20,184,0.405,0.0
20,182,0.415,0.0
20,180,0.435,0.0
20,178,0.455,0.0
20,176,0.585,0.0
20,174,0.565,0.0
20,172,0.565,0.0
20,170,0.585,0.0
20,168,0.585,0.0
20,166,0.545,0.0
20,164,0.545,0.0
20,162,0.505,0.0
20,160,0.505,0.0
20,158,0.515,0.0
20,156,0.545,0.0
20,154,0.545,0.0
20,152,0.545,0.0
20,150,0.545,0.0
20,148,0.545,0.0
20,146,0.545,0.0
20,144,0.545,0.0
20,142,0.545,0.0
20,140,0.545,0.0
20,138,0.545,0.0
20,136,0.545,0.0
20,134,0.545,0.0
20,132,0.545,0.0
20,130,0.545,0.0
20,128,0.545,0.0
20,126,0.555,0.0
20,124,0.555,0.0
20,122,0.565,0.0
20,120,0.565,0.0
20,118,0.495,0.0
20,116,0.515,0.0
20,114,0.525,0.0
20,112,0.555,0.0
20,110,0.605,0.0
20,108,0.635,0.0
20,106,0.42500000000000004,0.0
20,104,0.385,0.0
20,102,0.375,0.0
20,100,0.375,0.0
20,98,0.365,0.0
20,96,0.345,0.0
20,94,0.345,0.0
20,92,0.345,0.0
20,90,0.28500000000000003,0.0
20,88,0.28500000000000003,0.0
20,86,0.305,0.0
20,84,0.495,0.0
20,82,0.495,0.0
20,80,0.46499999999999997,0.0
20,78,0.475,0.0
20,76,0.455,0.0
20,74,0.455,0.0
20,72,0.455,0.0
20,70,0.425,0.0
20,68,0.415,0.0
20,66,0.405,0.0
20,64,0.355,0.0
20,62,0.275,0.0
20,60,0.375,0.0
20,58,0.375,0.0
20,56,0.385,0.0
20,54,0.395,0.0
20,52,0.585,0.0
20,50,0.585,0.0
20,48,0.585,0.0
20,46,0.565,0.0
20,44,0.565,0.0
20,42,0.645,0.0
20,40,0.625,0.0
20,38,0.555,0.0
20,36,0.495,0.0
20,34,0.515,0.0
20,32,0.535,0.0
20,30,0.47,0.0
20,28,0.385,0.0
20,26,0.345,0.0
20,24,0.405,0.0
20,22,0.505,0.0
20,20,0.445,0.0
20,18,0.375,0.0
20,16,0.225,0.0
20,14,0.365,0.0
20,12,0.385,0.0
20,10,0.345,0.0
20,8,0.235,0.0
20,6,0.215,0.0
20,4,0.135,0.0
20,2,0.065,0.0
21,300,0.505,1.0
21,298,0.495,1.0
21,296,0.435,1.0
21,294,0.425,1.0
21,292,0.435,1.0
21,290,0.425,1.0
21,288,0.545,1.0
21,286,0.545,1.0
21,284,0.525,1.0
21,282,0.545,1.0
21,280,0.545,1.0
21,278,0.525,1.0
21,276,0.525,1.0
21,274,0.565,1.0
21,272,0.525,1.0
21,270,0.515,1.0
21,268,0.515,1.0
21,266,0.535,1.0
21,264,0.535,1.0
21,262,0.535,1.0
21,260,0.545,1.0
21,258,0.545,1.0
21,256,0.495,1.0
21,254,0.49,1.0
21,252,0.535,1.0
21,250,0.535,1.0
21,248,0.535,1.0
21,246,0.625,1.0
21,244,0.625,1.0
21,242,0.625,1.0
21,240,0.625,1.0
21,238,0.625,1.0
21,236,0.625,1.0
21,234,0.625,1.0
21,232,0.625,1.0
21,230,0.625,1.0
21,228,0.72,1.0
21,226,0.715,1.0
21,224,0.715,1.0
21,222,0.715,1.0
21,220,0.715,1.0
21,218,0.715,1.0
21,216,0.735,1.0
21,214,0.735,1.0
21,212,0.6699999999999999,1.0
21,210,0.555,1.0
21,208,0.555,1.0
21,206,0.555,1.0
21,204,0.555,1.0
21,202,0.525,1.0
21,200,0.515,1.0
21,198,0.515,1.0
21,196,0.505,1.0
21,194,0.515,1.0
21,192,0.525,1.0
21,190,0.525,1.0
21,188,0.53,1.0
21,186,0.635,1.0
21,184,0.635,1.0
21,182,0.635,1.0
21,180,0.515,1.0
21,178,0.515,1.0
21,176,0.535,1.0
21,174,0.535,1.0
21,172,0.535,1.0
21,170,0.665,1.0
21,168,0.695,1.0
21,166,0.705,1.0
21,164,0.71,1.0
21,162,0.745,1.0
21,160,0.715,1.0
21,158,0.705,1.0
21,156,0.705,1.0
21,154,0.635,1.0
21,152,0.625,1.0
21,150,0.615,1.0
21,148,0.615,1.0
21,146,0.615,1.0
21,144,0.555,1.0
21,142,0.525,1.0
21,140,0.525,1.0
21,138,0.525,1.0
21,136,0.525,1.0
21,134,0.545,1.0
21,132,0.545,1.0
21,130,0.545,1.0
21,128,0.555,1.0
21,126,0.555,1.0
21,124,0.555,1.0
21,122,0.555,1.0
21,120,0.585,1.0
21,118,0.605,1.0
21,116,0.605,1.0
21,114,0.605,1.0
21,112,0.695,1.0
21,110,0.805,1.0
21,108,0.825,1.0
21,106,0.84,1.0
21,104,0.865,1.0
21,102,0.875,1.0
21,100,0.885,1.0
21,98,0.895,1.0
21,96,0.905,1.0
21,94,0.915,1.0
21,92,0.915,1.0
21,90,0.915,1.0
21,88,0.925,1.0
21,86,0.945,1.0
21,84,0.925,1.0
21,82,0.935,1.0
21,80,0.945,1.0
21,78,0.935,1.0
21,76,0.935,1.0
21,74,0.945,1.0
21,72,0.945,1.0
21,70,0.955,1.0
21,68,0.965,1.0
21,66,0.965,1.0
21,64,0.955,1.0
21,62,0.965,1.0
21,60,0.975,1.0
21,58,0.975,1.0
21,56,0.975,1.0
21,54,0.985,1.0
21,52,0.985,1.0
21,50,0.995,1.0
21,48,0.995,1.0
21,46,0.995,1.0
21,44,0.995,1.0
21,42,0.995,1.0
21,40,0.995,1.0
21,38,0.995,1.0
21,36,0.995,1.0
21,34,0.995,1.0
21,32,0.995,1.0
21,30,0.995,1.0
21,28,0.995,1.0
21,26,0.995,1.0
21,24,0.995,1.0
21,22,0.995,1.0
21,20,0.995,1.0
21,18,0.995,1.0
21,16,0.995,1.0
21,14,0.995,1.0
21,12,0.995,1.0
21,10,0.995,1.0
21,8,0.995,1.0
21,6,0.995,1.0
21,4,0.995,1.0
21,2,0.995,1.0
22,298,0.475,0.0
22,296,0.46499999999999997,0.0
22,294,0.46499999999999997,0.0
22,292,0.455,0.0
22,290,0.455,0.0
22,288,0.485,0.0
22,286,0.495,0.0
22,284,0.495,0.0
22,282,0.495,0.0
22,280,0.505,0.0
22,278,0.505,0.0
22,276,0.505,0.0
22,274,0.505,0.0
22,272,0.505,0.0
22,270,0.515,0.0
22,268,0.515,0.0
22,266,0.515,0.0
22,264,0.515,0.0
22,262,0.515,0.0
22,260,0.525,0.0
22,258,0.59,0.0
22,256,0.76,0.0
22,254,0.825,0.0
22,252,0.825,0.0
22,250,0.715,0.0
22,248,0.655,0.0
22,246,0.655,0.0
22,244,0.655,0.0
22,242,0.655,0.0
22,240,0.665,0.0
22,238,0.695,0.0
22,236,0.745,0.0
22,234,0.745,0.0
22,232,0.695,0.0
22,230,0.695,0.0
22,228,0.695,0.0
22,226,0.735,0.0
22,224,0.735,0.0
22,222,0.715,0.0
22,220,0.705,0.0
22,218,0.705,0.0
22,216,0.705,0.0
22,214,0.725,0.0
22,212,0.725,0.0
22,210,0.745,0.0
22,208,0.7050000000000001,0.0
22,206,0.675,0.0
22,204,0.625,0.0
22,202,0.615,0.0
22,200,0.615,0.0
22,198,0.71,0.0
22,196,0.735,0.0
22,194,0.735,0.0
22,192,0.735,0.0
22,190,0.745,0.0
22,188,0.745,0.0
22,186,0.775,0.0
22,184,0.775,0.0
22,182,0.785,0.0
22,180,0.785,0.0
22,178,0.785,0.0
22,176,0.785,0.0
22,174,0.815,0.0
22,172,0.815,0.0
22,170,0.815,0.0
22,168,0.815,0.0
22,166,0.815,0.0
22,164,0.815,0.0
22,162,0.815,0.0
22,160,0.815,0.0
22,158,0.815,0.0
22,156,0.815,0.0
22,154,0.815,0.0
22,152,0.815,0.0
22,150,0.815,0.0
22,148,0.815,0.0
22,146,0.825,0.0
22,144,0.825,0.0
22,142,0.825,0.0
22,140,0.825,0.0
22,138,0.825,0.0
22,136,0.805,0.0
22,134,0.805,0.0
22,132,0.805,0.0
22,130,0.815,0.0
22,128,0.815,0.0
22,126,0.815,0.0
22,124,0.825,0.0
22,122,0.825,0.0
22,120,0.825,0.0
22,118,0.835,0.0
22,116,0.665,0.0
22,114,0.665,0.0
22,112,0.595,0.0
22,110,0.565,0.0
22,108,0.555,0.0
22,106,0.555,0.0
22,104,0.445,0.0
22,102,0.375,0.0
22,100,0.345,0.0
22,98,0.335,0.0
22,96,0.335,0.0
22,94,0.325,0.0
22,92,0.335,0.0
22,90,0.325,0.0
22,88,0.325,0.0
22,86,0.255,0.0
22,84,0.235,0.0
22,82,0.245,0.0
22,80,0.245,0.0
22,78,0.245,0.0
22,76,0.245,0.0
22,74,0.155,0.0
22,72,0.095,0.0
22,70,0.08499999999999999,0.0
22,68,0.065,0.0
22,66,0.07500000000000001,0.0
22,64,0.07500000000000001,0.0
22,62,0.07500000000000001,0.0
22,60,0.11499999999999999,0.0
22,58,0.08499999999999999,0.0
22,56,0.08499999999999999,0.0
22,54,0.07500000000000001,0.0
22,52,0.07500000000000001,0.0
22,50,0.07500000000000001,0.0
22,48,0.135,0.0
22,46,0.135,0.0
22,44,0.235,0.0
22,42,0.245,0.0
22,40,0.235,0.0
22,38,0.195,0.0
22,36,0.20500000000000002,0.0
22,34,0.20500000000000002,0.0
22,32,0.20500000000000002,0.0
22,30,0.175,0.0
22,28,0.14500000000000002,0.0
22,26,0.14500000000000002,0.0
22,24,0.14500000000000002,0.0
22,22,0.135,0.0
22,20,0.125,0.0
22,18,0.08499999999999999,0.0
22,16,0.065,0.0
22,14,0.055,0.0
22,12,0.055,0.0
22,10,0.045,0.0
22,8,0.035,0.0
22,6,0.015,0.0
22,4,0.015,0.0
22,2,0.005,0.0
23,300,0.545,1.0
23,298,0.545,1.0
23,296,0.545,1.0
23,294,0.545,1.0
23,292,0.46499999999999997,1.0
23,290,0.46499999999999997,1.0
23,288,0.435,1.0
23,286,0.41500000000000004,1.0
23,284,0.355,1.0
23,282,0.355,1.0
23,280,0.345,1.0
23,278,0.345,1.0
23,276,0.375,1.0
23,274,0.375,1.0
23,272,0.385,1.0
23,270,0.395,1.0
23,268,0.41500000000000004,1.0
23,266,0.42,1.0
23,264,0.405,1.0
23,262,0.405,1.0
23,260,0.415,1.0
23,258,0.415,1.0
23,256,0.425,1.0
23,254,0.435,1.0
23,252,0.455,1.0
23,250,0.455,1.0
23,248,0.48,1.0
23,246,0.515,1.0
23,244,0.515,1.0
23,242,0.515,1.0
23,240,0.63,1.0
23,238,0.675,1.0
23,236,0.65,1.0
23,234,0.675,1.0
23,232,0.655,1.0
23,230,0.665,1.0
23,228,0.665,1.0
23,226,0.66,1.0
23,224,0.635,1.0
23,222,0.645,1.0
23,220,0.635,1.0
23,218,0.625,1.0
23,216,0.625,1.0
23,214,0.625,1.0
23,212,0.635,1.0
23,210,0.665,1.0
23,208,0.685,1.0
23,206,0.685,1.0
23,204,0.675,1.0
23,202,0.73,1.0
23,200,0.76,1.0
23,198,0.76,1.0
23,196,0.765,1.0
23,194,0.755,1.0
23,192,0.755,1.0
23,190,0.755,1.0
23,188,0.725,1.0
23,186,0.725,1.0
23,184,0.705,1.0
23,182,0.705,1.0
23,180,0.705,1.0
23,178,0.685,1.0
23,176,0.69,1.0
23,174,0.765,1.0
23,172,0.765,1.0
23,170,0.775,1.0
23,168,0.755,1.0
23,166,0.755,1.0
23,164,0.755,1.0
23,162,0.74,1.0
23,160,0.745,1.0
23,158,0.745,1.0
23,156,0.755,1.0
23,154,0.745,1.0
23,152,0.715,1.0
23,150,0.725,1.0
23,148,0.735,1.0
23,146,0.735,1.0
23,144,0.705,1.0
23,142,0.705,1.0
23,140,0.735,1.0
23,138,0.725,1.0
23,136,0.745,1.0
23,134,0.745,1.0
23,132,0.735,1.0
23,130,0.735,1.0
23,128,0.735,1.0
23,126,0.745,1.0
23,124,0.875,1.0
23,122,0.895,1.0
23,120,0.905,1.0
23,118,0.915,1.0
23,116,0.915,1.0
23,114,0.925,1.0
23,112,0.925,1.0
23,110,0.925,1.0
23,108,0.845,1.0
23,106,0.855,1.0
23,104,0.855,1.0
23,102,0.88,1.0
23,100,0.895,1.0
23,98,0.895,1.0
23,96,0.895,1.0
23,94,0.905,1.0
23,92,0.905,1.0
23,90,0.905,1.0
23,88,0.935,1.0
23,86,0.945,1.0
23,84,0.965,1.0
23,82,0.965,1.0
23,80,0.975,1.0
23,78,0.945,1.0
23,76,0.95,1.0
23,74,0.955,1.0
23,72,0.975,1.0
23,70,0.985,1.0
23,68,0.985,1.0
23,66,0.985,1.0
23,64,0.985,1.0
23,62,0.985,1.0
23,60,0.985,1.0
23,58,0.985,1.0
23,56,0.985,1.0
23,54,0.985,1.0
23,52,0.985,1.0
23,50,0.985,1.0
23,48,0.985,1.0
23,46,0.985,1.0
23,44,0.995,1.0
23,42,0.995,1.0
23,40,0.985,1.0
23,38,0.985,1.0
23,36,0.995,1.0
23,34,0.995,1.0
23,32,0.995,1.0
23,30,0.995,1.0
23,28,0.995,1.0
23,26,0.995,1.0
23,24,0.995,1.0
23,22,0.995,1.0
23,20,0.995,1.0
23,18,0.995,1.0
23,16,0.995,1.0
23,14,0.995,1.0
23,12,0.995,1.0
23,10,0.995,1.0
23,8,0.995,1.0
23,6,0.995,1.0
23,4,0.26,1.0
23,2,0.995,1.0
24,298,0.46499999999999997,1.0
24,296,0.475,1.0
24,294,0.545,1.0
24,292,0.535,1.0
24,290,0.535,1.0
24,288,0.595,1.0
24,286,0.615,1.0
24,284,0.635,1.0
24,282,0.635,1.0
24,280,0.575,1.0
24,278,0.585,1.0
24,276,0.575,1.0
24,274,0.545,1.0
24,272,0.525,1.0
24,270,0.525,1.0
24,268,0.505,1.0
24,266,0.505,1.0
24,264,0.505,1.0
24,262,0.505,1.0
24,260,0.5700000000000001,1.0
24,258,0.525,1.0
24,256,0.525,1.0
24,254,0.515,1.0
24,252,0.505,1.0
24,250,0.505,1.0
24,248,0.495,1.0
24,246,0.495,1.0
24,244,0.515,1.0
24,242,0.575,1.0
24,240,0.575,1.0
24,238,0.575,1.0
24,236,0.61,1.0
24,234,0.585,1.0
24,232,0.575,1.0
24,230,0.635,1.0
24,228,0.685,1.0
24,226,0.705,1.0
24,224,0.675,1.0
24,222,0.635,1.0
24,220,0.655,1.0
24,218,0.665,1.0
24,216,0.665,1.0
24,214,0.665,1.0
24,212,0.665,1.0
24,210,0.69,1.0
24,208,0.74,1.0
24,206,0.775,1.0
24,204,0.805,1.0
24,202,0.825,1.0
24,200,0.78,1.0
24,198,0.815,1.0
24,196,0.805,1.0
24,194,0.765,1.0
24,192,0.755,1.0
24,190,0.755,1.0
24,188,0.755,1.0
24,186,0.745,1.0
24,184,0.735,1.0
24,182,0.725,1.0
24,180,0.715,1.0
24,178,0.715,1.0
24,176,0.73,1.0
24,174,0.765,1.0
24,172,0.745,1.0
24,170,0.745,1.0
24,168,0.755,1.0
24,166,0.785,1.0
24,164,0.785,1.0
24,162,0.825,1.0
24,160,0.825,1.0
24,158,0.765,1.0
24,156,0.755,1.0
24,154,0.775,1.0
24,152,0.775,1.0
24,150,0.86,1.0
24,148,0.795,1.0
24,146,0.825,1.0
24,144,0.825,1.0
24,142,0.825,1.0
24,140,0.825,1.0
24,138,0.835,1.0
24,136,0.835,1.0
24,134,0.835,1.0
24,132,0.845,1.0
24,130,0.845,1.0
24,128,0.875,1.0
24,126,0.875,1.0
24,124,0.905,1.0
24,122,0.895,1.0
24,120,0.895,1.0
24,118,0.925,1.0
24,116,0.955,1.0
24,114,0.945,1.0
24,112,0.965,1.0
24,110,0.965,1.0
24,108,0.945,1.0
24,106,0.935,1.0
24,104,0.935,1.0
24,102,0.915,1.0
24,100,0.885,1.0
24,98,0.885,1.0
24,96,0.885,1.0
24,94,0.885,1.0
24,92,0.865,1.0
24,90,0.895,1.0
24,88,0.895,1.0
24,86,0.875,1.0
24,84,0.875,1.0
24,82,0.935,1.0
24,80,0.935,1.0
24,78,0.955,1.0
24,76,0.955,1.0
24,74,0.955,1.0
24,72,0.955,1.0
24,70,0.975,1.0
24,68,0.975,1.0
24,66,0.975,1.0
24,64,0.975,1.0
24,62,0.975,1.0
24,60,0.975,1.0
24,58,0.975,1.0
24,56,0.975,1.0
24,54,0.985,1.0
24,52,0.985,1.0
24,50,0.985,1.0
24,48,0.985,1.0
24,46,0.985,1.0
24,44,0.985,1.0
24,42,0.985,1.0
24,40,0.995,1.0
24,38,0.995,1.0
24,36,0.995,1.0
24,34,0.995,1.0
24,32,0.995,1.0
24,30,0.995,1.0
24,28,0.995,1.0
24,26,0.995,1.0
24,24,0.995,1.0
24,22,0.995,1.0
24,20,0.995,1.0
24,18,0.995,1.0
24,16,0.995,1.0
24,14,0.995,1.0
24,12,0.995,1.0
24,10,0.995,1.0
24,8,0.995,1.0
24,6,0.995,1.0
24,4,0.995,1.0
24,2,0.995,1.0
